2,1,3,1,0,2,1,1,3,4,2,2,3532,4,883,2,1,5,9,0,2,1
1,1,3,1,4,2,2,1,1,4,2,2,420,3,140,2,1,5,10,0,2,8
2,1,3,1,2,1,1,1,3,4,2,2,439,2,220,2,1,5,10,0,2,8
2,1,3,1,3,1,1,1,3,4,2,2,998,1,998,2,1,5,9,0,2,2
2,1,3,1,1,1,0,1,3,4,2,2,1996,4,499,2,1,5,10,0,1,2
2,1,1,1,1,1,1,4,3,4,2,2,1703,3,568,2,1,5,10,0,2,2
2,1,1,1,1,1,1,1,3,4,2,2,1094,3,365,2,1,5,10,0,2,3
1,1,3,1,1,1,1,2,3,4,2,2,2939,4,735,2,2,5,9,0,2,2
1,1,3,1,1,1,1,1,3,4,2,2,1314,2,657,2,1,5,10,0,2,2
1,1,1,1,1,1,1,2,3,4,2,2,4764,4,1191,2,1,5,9,0,1,2
1,1,3,1,1,1,1,4,3,4,2,2,1020,2,510,2,1,5,10,0,2,3
1,1,1,1,1,2,1,1,3,4,2,2,800,3,267,2,1,5,10,0,2,5
1,1,3,1,1,1,1,1,3,4,2,2,1260,3,420,2,1,5,10,0,2,3
2,1,3,1,1,1,1,1,3,4,2,2,2228,3,743,2,1,5,9,0,2,3
2,1,3,1,1,1,1,1,3,1,2,2,1041,2,521,2,1,5,10,0,2,5
1,1,3,1,1,1,1,1,3,4,2,2,1353,4,338,2,1,5,10,0,2,2
1,1,3,1,5,2,1,4,3,4,2,2,1087,6,181,2,1,5,10,0,2,8
2,1,3,1,1,1,1,1,3,4,2,2,998,3,333,2,1,5,10,0,1,3
2,1,3,1,3,2,2,1,3,4,2,2,1720,1,1720,2,2,4,9,0,2,2
1,1,3,1,5,2,1,4,1,4,2,2,7794,3,2598,2,1,5,8,0,2,3
2,1,3,1,2,1,1,1,3,4,2,2,439,2,220,2,1,5,10,0,2,8
2,1,3,1,1,1,1,1,3,4,2,2,600,3,200,2,1,5,10,0,1,6
2,1,3,1,1,1,1,1,3,4,2,2,998,7,143,1,1,1,10,5,2,9
1,1,3,1,5,2,1,1,3,4,2,2,1087,4,272,1,1,3,10,5,2,9
2,1,3,1,5,2,2,1,3,4,2,2,480,3,160,2,1,0,10,0,2,9
1,1,1,1,1,2,1,1,3,4,2,2,300,3,100,1,1,0,10,0,2,9
2,1,3,1,0,1,1,1,1,4,2,2,491,3,164,1,1,0,10,0,2,8
1,1,1,1,1,1,1,0,1,4,2,2,550,4,138,1,1,5,10,4,2,8
1,1,3,1,1,1,1,1,3,4,2,2,450,4,113,1,1,1,10,5,2,7
2,1,3,1,1,1,1,1,3,4,2,2,1704,7,243,1,2,3,10,5,2,7
2,1,3,1,0,2,1,1,3,4,2,2,2085,5,417,1,2,2,10,5,2,7
2,1,3,1,1,2,2,1,3,4,2,2,492,7,70,1,1,0,10,5,2,7
1,1,3,1,1,1,1,2,3,4,2,2,857,4,214,2,1,1,10,4,2,7
1,1,1,1,5,2,2,1,3,4,2,2,650,2,325,2,1,0,10,0,2,7
1,1,3,1,3,1,1,1,3,4,2,2,400,1,400,2,1,3,10,4,2,7
2,1,3,1,1,2,2,1,3,3,2,2,1024,5,205,1,1,3,10,5,2,7
2,1,3,1,1,2,2,1,3,3,2,2,1025,5,205,1,1,0,10,0,2,7
1,1,3,1,4,2,1,4,3,4,2,2,1483,4,371,1,1,5,10,4,2,7
2,1,3,1,1,2,2,1,3,3,2,2,688,4,172,2,1,0,10,5,2,7
1,1,3,1,1,1,1,4,3,4,2,2,1240,2,620,1,1,0,10,4,2,7
2,1,3,1,2,1,1,1,1,3,2,2,1227,2,614,2,1,0,10,0,2,7
2,1,1,1,1,1,1,1,3,4,2,2,200,2,100,1,1,5,10,4,2,6
1,1,3,1,1,1,1,1,3,4,2,2,608,4,152,1,1,0,10,0,2,6
2,1,3,1,1,1,1,1,3,4,2,2,1537,3,512,2,1,0,10,5,2,6
2,1,1,1,4,1,1,0,3,4,2,2,500,3,167,1,1,0,10,0,2,6
2,1,3,1,1,1,1,1,3,4,2,2,700,4,175,2,1,3,10,5,2,6
1,1,3,1,1,2,1,2,3,4,2,2,400,2,200,1,1,0,10,0,2,6
1,1,3,1,1,1,1,2,3,4,2,2,869,4,217,1,1,3,10,4,2,6
2,1,3,1,1,1,1,1,3,4,2,2,998,4,250,2,1,2,10,4,2,6
2,1,3,1,1,1,1,3,3,4,2,2,998,4,250,1,1,1,10,4,2,6
2,1,1,1,1,1,1,2,2,4,2,2,1020,4,255,2,1,1,10,4,2,6
1,1,3,1,1,1,1,1,3,4,2,2,1200,4,300,2,1,5,10,5,2,6
1,1,3,1,1,1,1,2,3,4,2,2,990,3,330,2,2,0,10,0,2,6
2,1,3,1,1,1,1,1,3,4,2,2,998,3,333,1,1,2,10,5,2,6
2,1,3,1,1,1,1,1,3,4,2,2,998,3,333,1,1,0,10,0,2,6
1,1,3,1,1,1,1,1,3,4,2,2,1502,4,376,2,1,2,10,5,2,6
2,1,3,1,1,1,1,1,3,4,2,1,2260,6,377,2,1,2,10,4,2,6
2,1,3,1,1,1,1,1,1,4,2,2,1683,4,421,2,1,5,10,3,2,6
2,1,3,1,1,1,1,4,3,4,2,2,950,2,475,2,1,2,10,2,2,6
1,1,1,1,1,1,1,1,3,1,2,2,998,2,499,2,1,5,10,5,2,6
1,1,3,1,1,1,1,4,3,4,2,2,1000,2,500,1,1,5,10,5,2,6
2,1,3,1,1,1,1,4,3,4,2,2,916,6,153,1,1,0,10,0,2,6
1,1,3,1,0,2,1,1,1,2,2,2,1170,2,585,1,1,0,10,4,2,6
1,1,3,1,3,1,1,2,1,3,2,2,650,1,650,2,1,5,10,2,2,6
1,1,3,1,1,1,1,1,3,2,2,2,2120,4,530,2,2,0,10,0,2,5
1,1,3,1,3,2,2,0,3,1,2,2,817,1,817,2,1,1,9,2,2,6
2,1,3,1,5,2,3,4,3,4,2,2,2695,3,898,1,1,1,9,4,2,6
1,1,3,1,1,1,1,1,3,4,2,2,1350,4,338,1,1,0,10,5,2,6
1,1,1,1,1,1,1,1,3,1,2,2,478,3,159,2,2,0,10,0,2,6
2,1,3,1,1,1,1,4,3,4,2,2,600,1,600,2,2,0,10,0,2,6
1,1,3,1,5,2,1,1,3,2,2,1,1185,4,296,1,1,3,10,2,2,6
1,1,3,1,1,1,1,2,3,4,2,2,665,4,166,1,1,0,10,0,2,6
2,1,1,1,1,2,1,1,3,4,2,2,910,5,182,2,1,0,10,5,2,6
1,1,3,1,1,1,1,1,3,4,2,2,998,2,499,1,1,2,10,5,2,6
1,1,1,1,1,2,1,4,2,4,2,2,2613,9,290,2,1,0,10,0,2,6
1,1,3,1,1,2,1,1,1,4,2,2,1300,5,260,2,1,0,10,0,2,5
1,1,3,1,2,2,2,1,1,2,2,2,300,2,150,1,1,3,10,2,2,5
2,1,3,1,1,1,1,2,3,4,2,2,998,3,333,2,1,1,10,5,2,5
1,1,3,1,1,1,1,0,3,4,2,2,600,2,300,2,1,1,10,4,2,5
2,1,1,1,1,1,1,1,3,4,2,2,2655,3,885,2,1,0,9,0,2,4
1,1,3,1,1,1,1,4,3,4,2,2,998,4,250,2,1,5,10,5,2,5
2,1,1,1,1,1,1,2,1,4,2,2,1669,4,417,2,1,0,10,4,2,5
1,1,1,1,1,1,1,2,1,4,2,2,1669,4,417,2,1,0,10,0,2,5
2,1,3,1,1,1,1,1,3,4,2,2,600,2,300,1,1,0,10,0,2,5
2,1,3,1,2,1,1,1,3,4,2,2,1389,2,695,2,1,0,10,0,2,5
1,1,3,1,1,2,1,4,3,4,2,2,1875,5,375,2,1,3,10,2,2,5
2,1,3,1,1,1,1,4,3,4,2,2,1000,3,333,2,1,5,10,4,2,5
2,1,3,1,1,1,1,1,3,4,2,2,805,2,403,2,1,5,10,4,2,5
1,1,3,1,3,2,1,0,1,4,2,2,200,1,200,2,1,0,10,0,2,5
1,1,1,1,1,1,1,4,1,4,2,2,1382,4,346,1,1,5,10,0,2,5
2,1,1,1,4,2,1,1,3,4,2,2,1190,3,397,2,2,3,10,4,2,5
2,1,3,1,1,1,1,1,3,4,2,2,1693,5,339,1,1,1,10,4,2,5
3,1,1,1,2,2,1,0,3,4,2,2,1192,3,397,1,2,5,10,2,2,5
1,1,3,1,4,1,1,2,3,4,2,2,2085,5,417,1,2,0,10,0,2,5
2,1,1,1,4,1,1,1,3,4,2,2,400,2,200,2,1,2,10,5,2,5
2,1,1,1,1,1,1,2,3,4,2,2,1114,4,279,1,1,0,10,0,2,5
2,1,1,1,2,1,1,1,3,1,2,2,1021,3,340,2,1,0,10,0,2,5
2,1,1,1,2,2,2,1,3,4,2,2,300,2,150,1,1,0,10,0,2,4
1,1,3,1,1,2,1,1,3,4,2,2,2640,6,440,2,1,2,10,4,2,5
1,1,1,1,4,1,1,1,3,4,2,2,1287,6,214,1,2,0,10,0,2,4
2,1,1,1,1,1,1,2,3,4,2,2,998,4,250,2,1,0,10,0,2,4
2,1,3,1,1,1,1,2,3,2,2,2,2200,5,440,2,1,0,10,4,2,5
2,1,3,1,1,1,1,1,3,4,2,2,998,4,250,2,2,5,10,0,2,4
1,1,3,1,1,1,1,4,3,4,2,2,1258,2,629,1,1,0,10,5,2,5
1,1,3,1,1,1,1,1,3,4,2,2,970,3,323,1,1,0,10,0,2,4
1,1,1,1,4,2,1,4,2,1,2,2,1783,2,892,2,2,5,9,5,2,5
1,1,1,1,3,2,1,4,3,4,2,2,3942,4,986,2,1,3,9,2,2,5
2,1,1,1,4,2,1,1,3,4,2,2,1179,3,393,1,1,3,10,5,2,4
2,1,3,1,1,1,1,2,3,1,2,2,900,2,450,1,1,0,10,0,2,4
2,1,3,1,1,1,1,3,1,4,2,2,1503,7,215,2,1,0,10,0,2,4
2,1,3,1,1,1,1,1,3,4,2,2,1867,2,934,2,2,2,9,4,2,4
1,1,3,1,1,2,3,1,3,4,2,2,1996,3,665,1,2,3,10,5,2,4
2,1,3,1,1,1,1,4,3,4,2,2,1380,5,276,1,1,5,10,4,2,4
1,1,3,1,1,2,2,1,3,4,2,2,4298,6,716,1,1,5,9,2,2,4
2,1,1,1,3,1,2,1,1,4,2,2,998,1,998,2,1,0,9,0,2,4
1,1,3,1,1,2,1,1,3,4,2,2,1996,3,665,2,2,2,10,4,2,4
1,1,3,1,1,1,1,2,3,4,2,2,1741,4,435,1,1,1,10,4,2,4
2,1,3,1,1,1,1,1,3,4,2,2,1380,3,460,2,1,5,10,3,2,4
2,1,1,1,5,2,1,1,3,4,2,2,4159,5,832,2,1,0,9,0,2,4
1,1,3,1,1,1,3,1,3,4,2,2,989,3,330,2,1,0,10,0,2,4
2,1,1,1,1,1,1,2,3,4,2,2,1064,2,532,1,1,5,10,4,2,4
2,1,3,1,1,1,1,2,1,2,2,2,998,3,333,2,1,0,10,0,2,3
2,1,1,1,1,1,1,1,1,2,2,2,2145,4,536,2,1,5,10,4,2,4
1,1,3,1,1,1,1,1,3,4,2,2,2033,3,678,2,1,0,10,4,2,4
2,1,3,1,1,1,1,2,3,4,2,2,1905,4,476,2,1,0,10,0,2,3
2,1,3,1,1,1,1,1,3,4,2,2,1392,3,464,2,1,1,10,4,2,3
2,1,1,1,1,1,1,1,1,4,2,2,2553,4,638,1,1,0,10,2,2,3
2,1,3,1,1,1,1,3,2,4,2,2,2820,4,705,2,1,3,9,4,2,3
2,1,1,1,1,1,1,0,3,4,2,2,1875,4,469,2,1,0,10,0,2,3
2,1,3,1,1,2,2,2,3,4,2,2,2411,4,603,2,1,1,10,2,2,3
1,1,3,1,1,2,1,4,3,4,2,2,2172,4,543,2,1,0,10,0,2,3
2,1,1,1,1,1,1,1,3,1,2,2,1258,2,629,2,1,3,10,2,2,3
1,1,3,1,2,1,1,1,3,4,2,2,600,2,300,1,1,0,10,2,2,3
2,1,3,1,1,1,1,1,3,4,2,2,1115,2,558,2,1,0,10,4,2,3
1,1,3,1,1,1,1,1,3,4,2,2,2532,4,633,2,1,1,10,2,2,3
2,1,3,1,4,2,1,4,3,4,2,2,1135,3,378,1,1,0,10,4,2,3
1,1,1,1,1,2,1,1,1,1,2,2,1806,4,452,2,1,0,10,0,2,3
2,1,3,1,2,1,1,1,3,4,2,2,1662,2,831,2,1,3,9,4,2,3
2,1,3,1,4,2,1,1,3,4,2,2,1755,2,878,2,2,0,9,2,2,3
1,1,1,1,1,1,1,1,1,4,2,2,1178,4,294,2,1,0,10,0,2,3
1,1,3,1,1,2,1,1,2,4,2,2,1170,4,293,2,1,0,10,0,2,3
2,1,1,1,1,1,1,1,3,4,2,2,800,2,400,1,1,1,10,4,2,3
2,1,3,1,1,1,1,1,3,4,2,2,1055,3,352,1,1,0,10,5,2,3
2,1,3,1,0,2,1,1,2,4,2,2,6390,4,1598,1,1,1,9,3,2,3
1,1,1,1,1,1,1,4,3,4,2,2,1356,3,452,2,1,0,10,0,2,2
1,1,3,1,1,1,1,1,1,2,2,2,1290,3,430,2,1,0,10,0,2,2
1,1,3,1,1,1,1,1,3,4,2,2,1896,3,632,2,1,2,10,4,2,2
1,1,3,1,1,1,1,1,3,4,2,2,2555,4,639,2,1,0,10,0,2,2
2,1,3,1,1,2,1,1,2,4,2,2,998,3,333,2,1,0,10,0,2,2
1,1,3,1,1,1,1,1,3,4,2,2,1290,3,430,2,1,0,10,0,2,2
1,1,3,1,1,1,1,1,3,4,2,2,2471,3,824,2,1,0,9,2,2,2
2,1,3,1,2,1,1,1,3,4,2,2,1389,2,695,2,1,0,10,0,2,5
1,1,3,1,1,2,2,1,1,4,2,2,506,4,127,1,1,0,10,0,2,10
1,1,3,1,4,2,2,1,1,4,2,2,539,3,180,2,1,5,10,0,2,10
1,1,1,1,4,2,1,4,2,1,2,2,1633,2,817,2,2,5,9,0,1,5
1,1,3,1,1,1,1,1,3,4,2,2,1348,3,449,1,1,5,10,0,2,4
1,1,3,1,1,2,1,1,3,4,2,2,1298,3,433,2,2,5,10,0,2,5
1,1,1,1,1,2,1,1,3,1,2,2,1624,4,406,1,1,5,10,0,1,3
1,1,3,1,1,2,1,4,1,4,2,2,3926,4,982,2,2,0,9,0,2,2
1,1,1,1,3,2,2,0,1,4,2,2,3006,4,752,2,1,5,9,0,1,5
1,1,3,1,1,2,3,1,3,4,2,2,2516,4,629,2,2,4,10,0,2,9
1,1,3,1,5,2,1,1,3,4,2,2,1387,4,347,2,1,5,10,0,2,7
1,1,3,1,1,2,1,4,2,4,2,2,2860,4,715,2,1,0,9,0,1,4
1,1,3,1,1,2,2,1,3,4,2,2,486,3,162,2,1,5,10,0,2,9
1,1,1,1,1,2,1,1,3,4,2,2,800,3,267,2,1,5,10,0,2,6
1,1,3,1,5,2,1,4,3,4,2,2,1189,6,198,2,1,0,10,0,2,9
1,1,3,1,5,2,1,1,1,2,2,2,1145,2,572,2,1,5,10,0,1,7
1,1,3,1,3,1,1,2,3,1,2,2,266,1,266,2,1,0,10,0,1,8
1,1,3,1,5,2,1,1,3,4,2,2,1996,2,998,2,2,5,9,0,2,6
1,1,3,1,1,2,1,1,3,4,2,2,3000,5,600,2,1,5,10,0,2,5
1,1,1,1,2,2,1,0,3,4,2,2,1142,3,381,2,2,5,10,0,2,6
1,1,1,1,1,2,1,4,3,4,2,2,2691,9,299,2,1,5,10,0,2,6
2,1,3,1,1,2,1,2,3,4,2,2,76,3,25,1,1,0,10,0,2,10
2,1,3,1,3,2,1,1,2,4,2,2,235,1,235,1,2,0,10,0,2,8
2,1,3,1,1,2,1,1,2,4,2,2,1014,3,338,2,1,5,10,0,2,7
2,1,3,1,5,2,2,1,3,4,2,2,2987,4,747,2,1,5,9,0,2,6
2,1,3,1,1,2,1,1,3,4,2,2,650,4,163,1,1,5,10,0,2,6
2,1,3,1,1,1,1,1,1,4,2,2,1657,4,414,2,1,5,10,0,2,5
2,1,1,1,1,2,1,1,3,4,2,2,900,3,300,1,1,5,10,0,2,6
2,1,3,1,1,1,1,1,3,4,2,2,1491,2,746,2,1,0,9,0,2,5
2,1,3,1,0,2,1,1,3,4,2,2,4818,4,1205,2,1,1,9,0,2,4
2,1,3,1,1,2,1,4,3,4,2,2,998,5,200,2,2,1,10,0,2,6
2,1,3,1,3,2,1,1,3,4,2,2,1720,1,1720,2,2,4,9,0,2,2
2,1,3,1,1,1,1,1,3,4,2,2,1582,4,396,2,2,5,10,0,1,3
1,1,3,1,4,2,1,1,3,4,2,2,1876,7,268,2,1,0,10,0,2,2
2,1,1,1,2,1,1,4,1,4,2,2,460,2,230,2,1,5,10,2,2,5
1,1,3,1,1,1,1,1,3,4,2,2,500,4,125,2,1,5,10,5,2,5
2,1,1,1,3,1,2,1,3,4,2,2,998,1,998,2,1,5,9,4,2,4
2,1,3,1,1,1,1,2,3,4,2,2,2279,4,570,2,1,5,10,4,2,3
2,1,3,1,1,2,1,1,4,4,2,2,1098,3,366,2,1,5,10,4,2,5
1,1,3,1,1,1,1,1,3,4,2,2,1855,4,464,2,1,5,10,5,2,2
2,1,3,1,1,1,1,4,3,4,2,2,998,3,333,2,1,5,10,5,2,2
2,1,3,1,4,2,1,1,1,4,2,2,1800,4,450,2,1,5,10,5,2,4
2,1,3,1,1,1,1,1,3,1,2,2,3000,3,1000,2,1,5,9,5,1,2
2,1,3,1,2,1,1,1,3,4,2,2,1300,3,433,2,1,5,10,2,2,2
2,1,1,1,5,2,1,1,3,4,2,1,3599,5,720,2,2,5,9,2,2,4
1,1,1,1,1,2,2,1,3,2,2,2,862,3,287,2,1,5,10,4,2,3
2,1,1,1,1,1,1,1,3,4,2,2,1148,4,287,2,1,5,10,4,2,6
2,1,3,1,1,1,1,1,3,4,2,2,4437,5,887,2,1,5,9,4,2,3
2,1,1,1,1,1,1,1,3,4,2,2,1499,5,300,2,1,5,10,5,2,5
2,1,1,1,1,1,1,1,1,2,2,2,1898,4,475,2,1,5,10,4,2,4
2,1,1,1,5,2,1,1,3,1,2,2,1972,4,493,2,1,5,10,4,1,2
1,1,1,1,1,1,1,4,3,1,2,2,2771,4,693,2,2,5,10,4,2,2
2,1,3,1,2,1,0,1,1,3,2,2,1200,2,600,2,1,5,10,2,1,2
2,1,3,1,1,1,1,2,3,4,2,2,1198,2,599,2,1,5,10,4,2,3
1,1,1,1,1,1,1,2,1,4,2,2,2487,4,622,2,1,5,10,3,2,3
1,1,3,1,1,1,1,4,3,4,2,2,2500,3,833,2,1,5,9,5,2,3
1,1,3,1,5,2,1,1,3,4,2,2,500,1,500,2,1,5,10,2,2,6
2,1,1,1,1,1,1,2,3,4,2,2,1339,3,446,2,1,5,10,4,2,5
2,1,3,1,1,1,1,1,3,1,2,2,1154,4,288,2,1,5,10,4,1,2
2,1,3,1,1,2,1,1,3,4,2,2,1290,3,430,2,1,5,10,5,2,3
2,1,1,1,1,1,1,3,3,4,2,2,2399,4,600,2,1,5,10,2,2,2
2,1,3,1,4,2,1,2,2,4,2,2,3011,4,753,2,1,1,9,4,2,3
2,1,3,1,1,1,1,1,3,4,2,2,1260,6,210,2,1,5,10,5,2,5
2,1,3,1,1,1,1,1,3,4,2,2,1315,2,657,2,1,5,10,4,2,2
1,1,1,1,1,2,1,1,3,4,2,2,4286,4,1072,2,2,5,9,2,2,2
1,1,3,1,1,1,1,1,3,4,2,2,1497,2,748,2,1,5,9,4,2,2
1,1,3,1,4,1,1,2,3,4,2,2,1450,2,725,2,1,5,9,2,2,3
1,1,1,1,1,1,1,1,3,4,2,2,1522,3,507,2,1,5,10,4,2,3
1,1,3,1,3,1,1,1,1,4,2,2,1162,1,1162,2,1,5,9,4,2,2
1,1,1,1,1,1,1,2,3,4,2,2,1021,4,255,2,1,5,10,2,2,2
2,1,3,1,1,1,1,1,3,3,2,2,2566,3,855,1,1,5,9,5,2,4
2,1,3,1,1,1,1,1,3,4,2,2,898,4,224,2,1,5,10,4,2,4
1,1,3,1,1,1,1,2,3,2,2,2,2503,4,626,2,1,5,10,2,1,2
1,1,3,1,1,2,1,1,3,4,2,2,1200,4,300,2,1,5,10,4,2,3
1,1,0,1,1,1,1,2,1,4,2,2,1604,5,321,2,1,5,10,4,1,2
1,1,3,1,0,2,1,2,3,4,2,2,1200,3,400,2,1,5,10,4,2,8
1,1,3,1,4,2,1,2,1,4,2,2,4891,5,978,2,1,5,9,5,2,3
2,1,3,1,1,1,1,1,3,4,2,2,2340,3,780,2,1,5,9,4,2,2
1,1,1,1,0,1,1,1,3,1,2,2,3797,4,949,2,1,5,9,4,2,3
1,1,1,1,1,1,2,1,3,4,2,2,683,4,171,2,1,5,10,4,2,5
1,1,3,1,1,1,1,2,3,4,2,2,1291,6,215,2,1,5,10,2,2,3
2,1,3,1,1,1,1,2,3,4,2,2,1095,3,365,2,1,5,10,4,2,5
2,1,3,1,1,1,0,1,3,4,2,2,600,3,200,2,1,5,10,4,2,5
1,1,1,1,1,2,1,4,2,4,2,2,3455,9,384,2,2,5,10,4,2,5
1,1,3,1,1,1,1,1,3,4,2,2,637,3,212,2,1,5,10,5,2,4
2,1,3,1,1,1,1,1,3,4,2,2,1046,3,349,2,1,5,10,5,2,1
2,1,3,1,1,1,2,1,1,4,2,2,830,4,208,2,1,5,10,5,2,6
1,1,3,1,1,1,1,1,3,4,2,2,656,3,219,2,1,5,10,4,2,5
1,1,1,1,1,1,1,1,3,4,2,2,1999,2,1000,2,1,5,9,4,1,2
1,1,3,1,1,1,1,1,3,4,2,2,1000,2,500,2,1,5,10,2,2,2
1,1,1,1,1,1,1,1,3,4,2,2,1232,4,308,2,1,5,10,5,2,2
1,1,1,1,1,2,1,1,2,4,2,2,998,2,499,2,1,5,10,5,2,3
1,1,3,1,1,1,1,1,3,4,2,2,2085,4,521,2,2,5,10,4,2,3
1,1,3,1,4,1,1,1,3,4,2,2,2105,3,702,2,1,5,10,2,2,4
1,1,1,1,1,2,1,1,3,1,2,2,1204,4,301,2,1,5,10,4,2,2
1,1,3,1,1,1,1,1,3,4,2,2,1766,5,353,2,2,5,10,4,2,2
1,1,3,1,1,1,1,2,3,4,2,2,1738,3,579,2,1,5,10,5,1,2
2,1,1,1,1,1,1,2,1,4,2,2,1669,4,417,2,1,5,10,4,2,4
2,1,3,1,1,1,1,1,3,4,2,2,800,6,133,2,1,5,10,5,2,5
2,1,3,1,1,1,1,2,3,4,2,2,800,3,267,2,1,5,10,4,2,4
2,1,3,1,1,2,1,2,3,4,2,2,379,2,190,2,1,0,10,0,2,7
2,1,3,1,0,1,1,1,3,4,2,2,998,2,499,2,1,5,10,5,2,4
2,1,3,1,1,1,1,3,3,4,2,2,998,4,250,2,1,0,10,4,2,3
2,1,3,1,1,1,1,1,3,4,2,2,500,2,250,2,1,5,10,4,2,3
2,1,3,1,1,1,1,1,3,4,2,2,1496,4,374,2,1,5,10,4,2,2
1,1,3,1,1,2,1,4,2,4,2,2,998,4,250,2,1,5,10,4,2,3
2,1,1,1,4,1,1,1,3,3,2,2,1738,4,435,2,1,5,10,2,2,2
2,1,3,1,1,1,1,1,3,4,2,2,3272,4,818,2,1,5,9,3,2,3
2,1,1,1,1,1,1,4,3,4,2,2,1570,4,393,2,1,5,10,4,1,2
1,1,3,1,1,1,1,1,3,4,2,2,1332,2,666,2,1,5,10,4,2,2
2,1,3,1,1,1,1,1,3,4,2,2,998,3,333,2,1,5,10,4,2,4
1,1,3,1,1,1,1,1,3,4,2,2,4403,5,881,2,2,5,9,4,2,2
2,1,3,1,1,1,1,2,3,4,2,2,400,2,200,2,1,1,10,4,2,3
1,1,3,1,1,1,3,2,1,2,2,2,998,2,499,2,1,5,10,5,2,3
2,1,1,1,1,1,1,2,2,4,2,2,1498,4,375,2,1,5,10,4,2,3
2,1,1,1,1,1,1,1,3,4,2,2,1000,2,500,2,1,1,10,4,2,3
2,1,1,1,1,1,1,4,3,4,2,2,11267,8,1408,2,2,1,9,1,2,2
2,1,1,1,1,2,1,1,3,4,2,2,900,3,300,2,1,5,10,5,2,3
1,1,3,1,1,1,1,0,3,2,2,2,1200,3,400,2,1,5,10,4,2,4
1,1,3,1,1,1,1,1,3,4,2,2,1594,4,399,2,1,5,10,4,2,2
1,1,3,1,1,1,1,1,3,4,2,2,3002,4,751,2,1,5,9,4,2,2
2,1,3,1,1,1,1,1,3,4,2,2,2100,3,700,2,1,5,10,5,2,2
2,1,3,1,1,2,1,1,3,4,2,2,633,4,158,2,1,5,10,5,2,5
2,1,3,1,1,1,1,1,1,3,2,2,1996,5,399,2,2,5,10,5,2,2
1,1,1,1,1,1,3,1,3,4,2,2,448,4,112,2,1,5,10,4,2,5
2,1,3,1,1,1,1,1,3,1,2,2,2618,4,655,2,2,5,10,5,2,3
2,1,3,1,1,1,1,2,3,4,2,2,1089,3,363,2,1,5,10,5,2,2
2,1,3,1,1,1,1,1,3,2,2,2,1190,4,298,2,1,5,10,5,2,2
1,1,3,1,0,2,1,1,3,4,2,2,1789,5,358,2,1,0,10,0,2,6
1,1,1,1,1,1,1,1,3,4,2,2,998,2,499,2,1,5,10,5,2,3
1,1,3,1,5,2,1,1,3,4,2,2,2032,4,508,2,1,5,10,5,2,3
1,1,1,1,1,1,1,1,3,2,2,2,3067,3,1022,2,1,5,9,4,1,1
1,1,3,1,4,1,1,2,3,1,2,2,2004,6,334,2,1,5,10,4,1,2
1,1,3,1,5,2,1,1,1,4,2,2,830,4,208,2,1,5,10,4,2,6
1,1,3,1,1,1,1,1,3,4,2,2,2065,3,688,2,1,5,10,4,2,2
2,1,1,1,4,2,1,1,2,1,2,2,850,4,213,2,1,5,10,4,2,4
1,1,3,1,4,2,1,1,3,3,2,2,1900,5,380,2,1,5,10,4,2,5
1,1,3,1,1,1,1,1,3,4,2,2,1295,3,432,2,1,5,10,4,2,4
1,1,3,1,4,2,1,1,3,2,2,2,1013,3,338,2,1,5,10,5,2,5
2,1,3,1,0,2,1,1,2,4,2,2,410,2,205,2,1,5,10,2,2,7
1,1,3,1,1,1,1,1,3,4,2,2,1200,4,300,2,1,5,10,4,2,2
1,1,3,1,1,1,1,1,3,4,2,2,1895,5,379,2,1,5,10,2,2,2
2,1,1,1,0,1,2,1,3,4,2,2,2310,5,462,2,1,5,10,5,2,4
2,1,3,1,1,1,1,1,1,4,2,2,1215,3,405,2,1,5,10,5,2,5
1,1,3,1,1,1,1,1,3,4,2,2,1175,4,294,2,1,5,10,2,2,2
2,1,3,1,4,2,1,1,3,4,2,2,430,3,143,2,1,5,10,5,2,8
2,1,3,1,1,1,1,3,3,4,2,2,1194,4,299,2,1,5,10,4,2,4
2,1,3,1,1,1,1,1,3,4,2,2,963,2,482,2,1,5,10,5,2,5
1,1,3,1,1,1,1,1,1,4,2,2,5355,4,1339,2,1,5,9,5,2,2
1,1,3,1,1,1,1,1,3,4,2,2,2553,4,638,2,1,5,10,4,2,2
1,1,3,1,1,1,3,1,3,4,2,2,998,3,333,2,1,5,10,4,2,4
1,1,1,1,1,2,1,4,3,4,2,2,1000,2,500,2,1,5,10,5,2,3
2,1,3,1,1,1,1,1,3,4,2,2,856,4,214,2,1,0,10,5,2,7
2,1,3,1,1,2,1,4,2,4,2,2,3549,3,1183,2,2,0,9,4,2,5
1,1,1,1,0,1,1,1,3,4,2,2,1970,4,493,2,1,0,10,5,2,5
2,1,3,1,1,1,1,2,3,4,2,2,1156,4,289,2,1,5,10,4,2,4
2,1,3,1,3,2,1,2,1,1,2,2,600,1,600,2,1,0,10,2,2,5
1,1,3,1,1,2,1,1,3,4,2,2,968,3,323,2,1,5,10,4,2,2
2,1,3,1,4,2,1,1,1,4,2,2,1800,4,450,2,1,5,10,5,2,4
2,1,3,1,2,1,0,1,1,3,2,2,1400,2,700,2,1,5,10,2,2,2
1,1,3,1,5,2,1,1,3,4,2,2,500,1,500,2,1,5,10,2,2,6
2,1,3,1,1,2,1,1,2,4,2,2,1016,4,254,2,2,5,10,5,2,3
2,1,3,1,4,2,1,2,2,4,2,2,3011,4,753,2,1,1,9,4,2,2
2,1,3,1,1,2,1,1,2,4,2,1,3284,4,821,2,2,5,9,4,2,4
1,1,1,1,1,2,1,1,3,4,2,2,4286,4,1072,2,2,5,9,2,2,2
1,1,3,1,4,2,2,2,1,4,2,2,2145,5,429,2,1,5,10,2,2,5
1,1,3,1,5,2,1,1,3,4,2,2,2151,4,538,2,1,5,10,2,2,5
1,1,3,1,0,2,1,2,3,4,2,2,1200,3,400,2,1,5,10,4,2,8
1,1,3,1,4,2,1,1,2,4,2,2,998,3,333,2,1,5,10,5,2,3
1,1,3,1,4,2,1,2,1,4,2,2,4891,5,978,2,1,5,9,5,2,3
1,1,1,1,4,2,1,1,3,4,2,2,1744,4,436,1,1,5,10,2,1,3
1,1,3,1,5,2,1,1,3,4,2,1,1728,4,432,2,1,5,10,5,2,6
1,1,1,1,0,1,1,1,3,1,2,2,3797,4,949,2,1,5,9,4,2,3
1,1,3,1,4,2,1,1,1,4,2,2,2470,4,618,2,2,5,10,2,2,4
1,1,1,1,1,2,1,4,2,4,2,2,3455,9,384,2,2,5,10,4,2,4
1,1,3,1,1,2,1,1,1,4,2,2,2522,5,504,2,1,5,10,4,2,2
1,1,1,1,1,2,1,1,3,1,2,2,1554,4,389,2,1,5,10,4,2,2
2,1,3,1,0,1,1,1,3,4,2,2,998,2,499,2,1,5,10,5,2,4
1,1,3,1,1,2,1,4,2,4,2,2,998,4,250,2,1,5,10,4,2,3
1,1,3,1,1,2,3,1,3,4,2,2,2055,4,514,2,1,5,10,5,2,2
1,1,3,1,1,2,1,1,3,4,2,1,2396,3,799,2,2,5,9,4,2,3
2,1,1,1,1,2,1,1,3,4,2,2,900,3,300,2,1,5,10,5,2,3
1,1,3,1,0,2,1,1,3,4,2,2,1789,5,358,2,1,0,10,0,2,6
2,1,1,1,4,2,1,1,2,1,2,2,850,4,213,2,1,5,10,4,2,4
2,1,3,1,1,2,1,4,2,4,2,2,3549,3,1183,2,2,0,9,4,2,5
1,1,1,1,0,2,1,1,3,4,2,2,1970,4,493,2,1,0,10,5,2,5
2,1,3,1,3,2,1,2,1,1,2,2,600,1,600,2,1,0,10,2,2,5
1,1,3,1,1,2,1,2,3,4,2,1,957,5,191,1,1,5,10,5,2,6
2,1,3,1,1,1,1,1,1,4,2,2,3138,4,785,2,1,0,9,3,2,3
2,1,3,1,2,2,1,1,3,4,2,2,770,2,385,1,1,0,10,4,2,2
2,1,3,1,1,1,1,2,3,2,2,2,1020,2,510,2,1,0,10,4,2,2
2,1,3,1,1,1,1,1,3,4,2,2,1426,4,357,2,1,5,10,0,2,2
1,1,3,1,4,1,1,1,3,1,2,2,998,2,499,2,1,5,10,4,2,3
2,1,3,1,4,2,1,1,3,4,2,2,3101,4,775,2,1,5,9,2,2,2
4,1,3,1,1,1,1,2,1,4,2,2,1098,3,366,1,1,5,10,4,2,4
1,1,3,1,1,1,1,2,1,4,2,1,1405,4,351,2,1,0,10,4,2,5
1,1,1,1,1,1,1,2,3,4,2,2,250,2,125,2,1,0,10,4,2,3
2,1,3,1,1,1,1,4,3,4,2,1,1348,3,449,1,1,5,10,5,2,4
2,1,3,1,4,1,1,1,3,4,2,2,1193,3,398,2,1,5,10,4,2,2
2,1,3,1,3,1,2,1,3,4,2,2,389,1,389,2,1,0,10,2,2,5
2,1,1,1,5,2,1,4,3,4,2,2,3037,5,607,1,2,0,10,2,2,4
2,1,3,1,1,1,1,1,3,4,2,2,500,3,167,2,1,0,10,4,2,6
1,1,3,1,1,1,1,2,1,4,2,2,589,3,196,1,1,5,10,4,2,6
2,1,1,1,1,1,1,3,3,1,2,2,5118,4,1279,2,1,0,9,4,1,2
2,1,3,1,2,1,1,2,3,4,2,2,810,2,405,2,1,5,10,2,2,3
4,1,3,1,1,1,1,1,3,4,2,2,998,3,333,1,1,5,10,5,2,5
2,1,1,1,1,1,1,1,3,4,2,2,300,4,75,1,1,0,10,2,2,4
2,1,3,1,1,1,1,2,1,4,2,1,427,3,142,2,1,5,10,2,2,5
2,1,1,1,1,1,1,1,3,4,2,2,1419,5,284,1,1,0,10,5,2,3
2,1,1,1,1,1,1,1,1,1,2,2,1632,4,408,1,1,0,10,0,2,3
2,1,3,1,1,1,1,1,3,4,2,2,1167,4,292,2,1,0,10,4,2,3
2,1,1,1,5,2,1,2,3,1,2,2,1924,4,481,1,1,0,10,4,1,2
2,1,3,1,1,1,1,5,3,4,2,2,2017,4,504,2,1,0,10,4,2,3
1,1,3,1,1,1,1,2,3,4,2,1,2306,4,577,2,2,0,10,4,2,3
2,1,3,1,1,1,1,4,3,4,2,2,1230,2,615,2,1,0,10,4,2,2
2,1,3,1,4,1,1,2,3,2,2,2,320,3,107,2,1,5,10,2,2,5
1,1,3,1,1,1,1,1,3,4,2,2,1087,3,362,2,1,0,10,5,2,4
1,1,3,1,1,1,1,4,3,4,2,2,2500,3,833,1,1,0,9,5,2,3
1,1,3,1,2,1,1,2,3,3,2,2,1582,5,316,2,1,0,10,2,2,2
1,1,3,1,2,1,1,1,3,3,2,2,2116,5,423,2,1,0,10,2,2,4
1,1,1,1,1,1,1,4,3,4,2,2,653,2,327,2,1,0,10,2,2,3
1,1,3,1,1,1,1,1,3,4,2,2,1600,4,400,2,1,0,10,4,2,2
1,1,3,1,1,1,1,1,1,4,2,2,998,4,250,2,1,0,10,2,2,3
2,1,3,1,1,1,1,1,3,4,2,2,1726,5,345,2,2,0,10,4,2,3
1,1,3,1,3,1,1,1,1,4,2,2,150,1,150,2,1,5,10,2,2,6
2,1,3,1,1,2,1,1,3,4,2,1,1017,6,170,2,1,0,10,5,2,4
2,1,3,1,1,2,1,1,3,4,2,2,1304,3,435,1,1,0,10,5,2,3
2,1,3,1,0,1,3,1,3,4,2,2,430,3,143,1,1,5,10,4,2,6
2,1,3,1,1,1,1,1,3,4,2,2,400,2,200,2,1,5,10,5,2,5
1,1,3,1,0,1,1,4,1,4,2,2,1128,4,282,2,1,0,10,0,2,5
1,1,3,1,1,2,1,1,3,4,2,2,800,3,267,1,1,5,10,5,2,4
2,1,3,1,1,1,1,1,3,4,2,2,1250,6,208,1,1,5,10,5,2,6
2,1,3,1,1,2,1,1,3,4,2,2,549,3,183,1,1,0,10,4,2,5
1,1,3,1,1,1,3,1,3,4,2,1,1760,5,352,2,1,0,10,4,2,5
1,1,3,1,1,2,1,1,3,4,2,2,1441,2,721,2,1,0,9,4,2,2
2,1,3,1,1,1,2,1,3,4,2,2,998,4,250,2,1,0,10,4,2,4
1,1,1,1,4,1,1,1,3,1,2,2,998,2,499,2,1,0,10,5,2,2
1,1,3,1,1,1,1,4,3,4,2,2,1900,3,633,2,1,0,10,4,2,3
1,1,3,1,1,1,1,1,1,4,2,2,450,3,150,1,1,5,10,4,2,6
1,1,3,1,1,1,1,1,3,4,2,2,1544,2,772,2,1,0,9,4,2,2
1,1,3,1,0,1,1,2,3,4,2,2,1365,2,683,1,1,0,10,2,2,4
1,1,3,1,3,1,1,1,3,4,2,1,321,1,321,2,1,0,10,2,2,6
1,1,3,1,1,2,1,1,3,4,2,2,2998,5,600,2,1,0,10,5,2,3
1,1,3,1,2,1,1,2,3,4,2,2,1150,2,575,2,1,0,10,2,2,2
2,1,3,1,0,1,2,4,1,4,2,2,200,1,200,2,1,0,10,2,2,6
1,1,3,1,1,2,3,1,3,4,2,2,970,3,323,2,1,0,10,4,2,6
1,1,3,1,1,1,1,4,3,4,2,2,1644,4,411,2,2,0,10,4,2,2
2,1,3,1,1,1,1,1,3,4,2,2,1300,3,433,2,1,5,10,4,2,4
2,1,3,1,1,1,1,2,1,4,2,2,1128,3,376,2,1,0,10,4,2,6
2,1,3,1,1,1,1,1,1,4,2,2,2258,4,565,2,1,5,10,4,2,2
2,1,3,1,1,1,1,1,1,4,2,2,1502,4,376,2,1,0,10,4,2,4
2,1,1,1,1,1,1,1,3,4,2,2,998,3,333,2,1,0,10,5,2,3
1,1,3,1,1,1,1,1,3,4,2,2,2837,4,709,2,1,0,9,4,2,2
2,1,3,1,1,1,1,1,3,4,2,2,2573,4,643,2,1,0,10,5,2,4
2,1,3,1,1,1,1,1,3,4,2,2,330,4,83,1,1,5,10,2,2,7
2,1,3,1,1,1,1,2,3,4,2,2,2080,6,347,2,1,5,10,5,2,3
1,1,3,1,1,1,1,2,3,2,2,2,1505,3,502,2,1,0,10,2,2,2
2,1,3,1,1,1,1,1,1,4,2,2,1721,3,574,2,1,5,10,2,2,3
1,1,3,1,1,1,1,2,1,4,2,2,1604,5,321,2,1,0,10,4,2,2
1,1,3,1,1,1,1,1,3,4,2,1,1500,3,500,2,1,5,10,1,2,3
1,1,3,1,0,2,1,4,3,4,2,2,1170,2,585,1,1,0,10,4,2,6
1,1,3,1,1,1,1,1,3,4,2,2,2028,4,507,2,1,0,10,4,2,3
1,1,1,1,1,1,1,1,3,2,2,1,800,3,267,2,1,0,10,4,2,5
1,1,3,1,1,1,1,1,3,4,2,2,719,4,180,2,1,5,10,4,2,5
1,1,3,1,1,1,1,3,3,4,2,2,998,4,250,2,1,5,10,5,2,4
2,1,3,1,1,1,1,1,3,4,2,2,998,2,499,2,1,0,10,5,2,3
2,1,1,1,0,1,1,4,1,4,2,1,735,1,735,2,1,0,9,2,2,5
2,1,3,1,0,2,1,5,1,4,2,2,450,1,450,2,1,0,10,2,2,5
2,1,3,1,1,1,1,0,3,1,2,2,1535,4,384,2,1,0,10,4,2,3
2,1,3,1,1,1,1,4,3,4,2,2,1100,2,550,2,1,0,10,0,2,5
1,1,1,1,1,1,1,1,3,4,2,2,1182,3,394,2,1,0,10,2,2,2
2,1,3,1,5,2,1,2,3,4,2,2,998,4,250,2,1,0,10,4,2,5
1,1,3,1,1,2,2,1,3,4,2,2,1147,4,287,1,1,0,10,5,2,5
1,1,1,1,4,1,1,0,3,1,2,2,3797,4,949,1,1,0,9,5,2,3
2,1,3,1,1,1,0,1,3,4,2,2,1000,3,333,2,1,0,10,4,2,3
1,1,1,1,1,1,2,1,3,4,2,2,800,4,200,2,1,5,10,2,2,6
2,1,3,1,1,2,1,1,1,4,2,2,970,3,323,2,1,0,10,6,2,5
2,1,3,1,1,2,1,1,3,4,2,2,4468,3,1489,2,1,0,9,4,2,3
1,1,3,1,1,1,1,1,1,4,2,2,1086,2,543,2,1,0,10,5,2,2
1,1,1,1,1,1,1,1,1,4,2,2,4783,3,1594,2,2,0,9,4,2,1
1,1,1,1,1,1,1,1,3,4,2,2,889,4,222,1,1,0,10,5,2,4
1,1,3,1,5,2,1,5,1,4,2,2,300,1,300,2,1,5,10,4,2,6
2,1,3,1,1,2,1,4,1,4,2,2,3482,4,871,2,2,0,9,4,2,2
2,1,3,1,3,1,1,1,3,4,2,2,238,1,238,2,1,5,10,2,2,6
2,1,3,1,2,1,1,4,3,4,2,2,500,2,250,2,1,0,10,2,2,5
1,1,1,1,1,1,1,1,3,4,2,2,1737,4,434,2,1,5,10,5,2,2
1,1,3,1,1,2,1,1,3,1,2,2,3101,5,620,2,1,0,10,4,2,2
2,1,3,1,1,1,1,4,3,3,2,2,6230,5,1246,2,1,0,9,2,2,2
1,1,3,1,1,1,1,1,3,4,2,2,1500,4,375,2,1,0,10,5,2,3
2,1,3,1,3,1,1,1,3,4,2,2,1058,1,1058,2,1,0,9,2,2,6
1,1,3,1,1,1,1,1,1,4,2,2,637,3,212,1,1,5,10,5,2,5
1,1,1,1,1,1,1,1,3,2,2,2,1987,3,662,2,1,0,10,2,2,6
2,1,3,1,1,2,1,1,1,4,2,2,950,5,190,1,1,0,10,5,2,3
2,1,1,1,1,1,1,2,3,4,2,1,1348,5,270,2,1,0,10,4,2,3
2,1,3,1,1,1,1,1,3,2,2,2,1483,4,371,2,1,0,10,4,2,2
1,1,3,1,1,1,1,4,1,4,2,2,390,2,195,2,1,5,10,5,2,7
1,1,3,1,1,1,1,1,3,4,2,2,1140,3,380,2,1,5,10,5,2,3
1,1,3,1,1,1,1,1,3,4,2,2,1000,2,500,1,1,0,10,2,2,2
1,1,1,1,1,1,1,1,3,4,2,2,1210,4,303,1,1,0,10,5,2,3
1,1,3,1,1,2,1,1,2,4,2,2,1200,4,300,2,1,5,10,5,2,2
1,1,3,1,1,1,1,1,3,4,2,2,2085,4,521,1,2,0,10,5,2,3
1,1,3,1,1,2,1,1,3,4,2,2,579,3,193,2,1,5,10,5,2,5
1,1,3,1,4,1,1,1,3,4,2,2,2105,3,702,1,2,0,10,2,2,3
1,1,3,1,2,1,1,4,3,4,2,2,668,6,111,2,1,5,10,5,2,8
1,1,1,1,1,1,1,1,1,4,2,2,1657,3,552,2,1,0,10,6,2,2
1,1,1,1,1,2,1,1,3,4,2,1,1661,5,332,2,1,5,10,5,2,2
1,1,3,1,1,1,1,1,3,4,2,2,800,3,267,2,1,5,10,5,2,3
2,1,3,1,1,1,1,1,3,4,2,2,550,3,183,2,1,5,10,5,2,6
1,1,3,1,1,1,1,1,3,1,2,1,1200,2,600,2,1,5,10,4,2,3
2,1,3,1,5,2,1,2,3,4,2,2,1293,5,259,2,1,5,10,0,2,6
2,1,3,1,1,2,1,1,3,4,2,2,950,5,190,2,1,0,10,5,2,3
1,1,3,1,1,1,1,1,3,4,2,2,1020,5,204,2,1,5,10,4,2,4
2,1,3,1,1,1,1,1,3,4,2,2,647,3,216,2,1,0,10,4,2,7
2,1,3,1,1,2,1,1,3,4,2,2,960,3,320,1,1,5,10,4,2,4
2,1,3,1,1,1,1,1,1,4,2,2,800,6,133,1,1,5,10,4,2,6
1,1,1,1,1,1,1,1,3,4,2,2,800,3,267,1,1,5,10,2,2,5
2,1,1,1,1,1,1,2,3,4,2,1,910,3,303,2,1,0,10,2,2,6
2,1,3,1,1,1,1,2,3,4,2,2,800,3,267,1,1,0,10,4,2,4
2,1,1,1,1,1,1,0,3,4,2,2,1338,3,446,2,1,0,10,4,2,3
2,1,3,1,1,1,1,1,1,4,2,2,2397,5,479,2,1,5,10,4,2,2
2,1,1,1,5,2,1,4,3,4,2,2,1976,4,494,2,1,0,10,5,2,4
2,1,3,1,1,1,1,3,3,4,2,2,998,4,250,1,1,0,10,4,2,4
2,1,3,1,1,1,1,1,3,4,2,2,2350,3,783,2,1,0,9,5,2,3
2,1,3,1,1,1,2,1,1,4,2,2,2196,4,549,2,1,0,10,4,2,2
2,1,3,1,0,1,1,2,3,4,2,2,1396,4,349,2,1,0,10,0,2,4
2,1,3,1,1,1,1,1,3,4,2,2,500,2,250,1,1,0,10,4,2,3
1,1,3,1,1,1,1,4,3,1,2,1,1800,3,600,2,1,0,10,2,2,3
1,1,3,1,1,1,1,1,1,4,2,2,2319,4,580,2,1,0,10,4,2,3
1,1,3,1,4,1,1,0,1,4,2,2,998,2,499,2,1,5,10,5,2,2
2,1,3,1,1,1,1,1,3,4,2,2,280,2,140,2,2,5,10,2,2,8
2,1,1,1,1,1,2,1,3,4,2,2,1189,6,198,2,1,0,10,5,2,5
2,1,1,1,1,1,1,2,3,4,2,2,400,2,200,1,1,0,10,2,2,3
1,1,3,1,1,1,1,2,3,3,2,2,1468,2,734,1,1,0,9,5,2,5
2,1,3,1,1,1,1,1,3,4,2,2,1000,4,250,2,1,0,10,5,2,3
2,1,1,1,1,1,1,2,3,4,2,2,1521,4,380,1,1,0,10,4,2,3
2,1,3,1,1,1,1,1,3,4,2,1,650,3,217,2,1,5,10,2,2,6
2,1,3,1,1,1,1,2,3,3,2,2,1240,2,620,2,1,5,10,4,2,4
2,1,3,1,1,1,1,1,3,2,2,2,1621,5,324,2,1,0,10,5,2,5
2,1,3,1,1,1,1,4,3,4,2,1,1569,5,314,2,1,0,10,5,2,6
2,1,1,1,1,1,1,1,1,4,2,2,1494,5,299,2,1,0,10,6,2,3
2,1,1,1,1,1,1,1,3,4,2,2,467,4,117,2,1,0,10,4,2,5
2,1,3,1,1,1,1,1,3,1,2,2,464,2,232,2,1,5,10,4,2,6
2,1,3,1,1,1,1,3,3,4,2,2,1347,2,674,2,1,0,10,4,2,3
2,1,3,1,1,1,1,3,3,4,2,2,971,4,243,2,1,5,10,5,2,5
2,1,3,1,1,2,1,1,2,4,2,2,1193,3,398,2,1,0,10,2,2,3
2,1,3,1,3,1,1,1,3,4,2,2,1128,4,282,1,1,0,10,6,2,7
1,1,3,1,4,2,2,2,3,4,2,2,1897,3,632,2,1,0,10,5,2,4
2,1,1,1,0,2,1,1,1,4,2,2,1355,4,339,2,1,0,10,4,2,4
2,1,3,1,1,1,1,1,3,4,2,2,1922,5,384,2,1,0,10,4,2,3
2,1,3,1,1,1,1,1,3,4,2,2,659,5,132,2,1,0,10,4,2,5
2,1,3,1,1,2,1,1,3,4,2,2,633,4,158,1,1,0,10,5,2,5
2,1,3,1,1,1,1,1,3,4,2,2,958,3,319,2,1,0,10,4,2,4
2,1,3,1,1,1,1,2,3,3,2,2,1797,4,449,2,2,0,10,0,2,4
2,1,1,1,1,1,1,4,3,4,2,2,1482,3,494,2,1,0,10,4,2,4
2,1,3,1,4,1,1,1,3,4,2,2,1022,3,341,2,1,0,10,4,2,2
1,1,3,1,1,1,1,1,3,4,2,2,630,4,158,2,1,5,10,4,2,5
2,1,3,1,1,1,1,1,3,4,2,2,828,5,166,2,1,0,10,4,2,5
2,1,3,1,1,1,1,2,3,4,2,2,1089,3,363,1,1,0,10,5,2,2
2,1,3,1,1,1,1,4,3,4,2,2,548,2,274,2,1,5,10,5,2,5
1,1,3,1,1,2,1,4,2,4,2,2,2759,4,690,2,1,0,10,4,2,3
2,1,3,1,1,1,1,2,3,4,2,2,998,2,499,2,1,0,10,5,2,3
2,1,3,1,1,1,1,1,3,2,2,2,640,4,160,1,1,5,10,5,2,3
2,1,1,1,5,2,1,5,3,2,2,2,1400,2,700,2,2,0,10,2,2,4
2,1,1,1,3,1,1,4,1,3,2,2,197,1,197,2,1,0,10,2,2,5
2,1,3,1,1,1,1,2,3,4,2,2,3533,6,589,2,1,0,10,3,2,3
2,1,3,1,1,1,1,1,1,2,2,1,2100,3,700,2,1,0,10,2,2,4
1,1,3,1,1,1,1,1,3,4,2,2,1135,5,227,2,1,0,10,5,2,4
2,1,1,1,1,2,1,4,3,4,2,2,2786,2,1393,2,2,0,9,2,2,3
2,1,3,1,1,1,1,4,3,4,2,2,1491,4,373,2,1,0,10,4,2,4
2,1,3,1,1,1,1,3,2,4,2,2,2750,4,688,2,1,0,10,4,2,4
2,1,1,1,4,2,1,4,2,2,2,2,800,4,200,2,1,0,10,4,2,4
1,1,3,1,1,1,1,4,3,4,2,2,990,4,248,2,1,5,10,4,2,4
1,1,3,1,4,1,1,1,3,4,2,2,400,2,200,2,1,5,10,2,2,6
2,1,3,1,1,1,1,1,3,4,2,2,998,2,499,1,2,5,10,5,2,5
1,1,3,1,1,2,1,4,2,4,2,2,1333,3,444,2,1,0,10,4,2,3
1,1,3,1,3,1,3,4,1,4,2,1,1728,5,346,2,1,5,10,2,2,4
2,1,3,1,0,2,1,2,2,4,2,2,330,2,165,1,1,5,10,2,2,6
1,1,3,1,1,1,1,1,3,4,2,2,1200,4,300,1,1,5,10,4,2,4
2,1,1,1,1,1,1,1,3,4,2,2,1731,4,433,2,1,5,10,4,2,5
2,1,3,1,1,1,1,1,3,4,2,2,2346,5,469,1,1,0,10,5,2,5
2,1,3,1,0,1,1,2,3,4,2,2,546,3,182,2,1,0,10,2,2,6
2,1,3,1,1,1,1,1,3,4,2,2,409,2,205,2,1,0,10,5,2,5
2,1,3,1,1,1,1,1,3,4,2,2,1295,4,324,1,1,5,10,4,2,4
2,1,3,1,1,1,1,1,3,4,2,2,1339,2,670,1,1,5,10,5,2,4
1,1,3,1,1,1,1,4,3,4,2,2,3500,3,1167,2,2,0,9,5,2,3
1,1,3,1,1,1,1,1,1,4,2,2,1358,3,453,2,1,0,10,4,2,2
1,1,3,1,4,1,1,1,1,4,2,2,2795,3,932,2,1,0,9,6,2,3
2,1,3,1,1,1,1,2,3,4,2,2,1513,5,303,2,1,0,10,2,2,2
1,1,3,1,1,1,1,1,3,4,2,2,2091,4,523,1,1,0,10,4,2,2
1,1,3,1,1,1,1,1,3,1,2,2,800,3,267,2,1,0,10,4,2,4
1,1,3,1,1,1,1,1,3,4,2,2,998,3,333,1,1,5,10,4,2,4
2,1,3,1,3,2,2,2,3,4,1,2,2300,3,767,2,1,4,9,0,2,3
2,1,3,1,4,1,1,1,3,4,2,2,1198,3,399,2,1,0,10,5,2,4
2,1,1,1,5,2,1,2,3,4,2,2,4277,5,855,2,1,0,9,4,2,3
1,1,3,1,1,1,1,1,3,4,2,2,1381,2,690,2,1,0,10,2,2,2
2,1,3,1,1,1,1,1,3,4,2,2,856,4,214,1,1,5,9,0,2,6
2,1,3,1,1,1,1,4,3,4,2,2,998,2,499,2,1,0,10,4,2,3
1,1,1,1,4,2,1,2,3,4,2,2,237,3,79,1,1,3,10,5,2,6
2,1,3,1,1,1,2,2,3,4,2,1,380,7,54,1,1,5,10,2,2,6
1,1,3,1,1,1,1,1,3,4,2,2,289,4,72,2,1,5,10,5,2,6
1,1,3,1,2,2,0,4,3,4,2,2,268,3,89,2,1,5,10,2,2,6
1,1,1,1,2,1,1,1,3,4,2,2,300,3,100,1,1,3,10,2,2,6
1,1,3,1,3,2,1,1,1,4,2,2,100,1,100,1,1,5,10,2,2,6
2,1,3,1,2,1,1,1,3,4,2,2,200,2,100,2,1,5,10,2,2,6
2,1,3,1,1,1,1,2,3,4,2,2,320,3,107,2,1,2,10,4,2,6
2,1,3,1,1,1,1,1,3,4,2,2,449,4,112,2,1,2,10,4,2,6
1,1,3,1,1,1,1,1,3,4,1,2,360,3,120,1,1,5,10,5,2,6
2,1,3,1,1,1,1,1,3,4,2,2,489,4,122,2,1,3,10,5,2,6
1,1,3,1,1,1,1,1,3,4,2,2,580,4,145,1,1,5,10,5,2,6
2,1,3,1,1,1,1,1,3,4,2,2,455,3,152,2,1,5,10,4,2,6
1,1,3,1,1,2,2,1,1,4,2,2,470,3,157,2,1,3,10,4,2,6
1,1,3,1,1,1,1,2,3,4,2,2,637,4,159,2,1,2,10,5,2,6
2,1,1,1,5,1,3,4,3,2,2,2,160,1,160,2,1,5,10,2,2,6
2,1,3,1,5,1,1,1,1,3,2,2,507,3,169,1,1,5,10,2,2,6
2,1,3,1,1,1,1,1,3,4,2,2,694,4,174,1,1,5,10,4,2,6
2,1,3,1,1,1,1,1,3,4,2,2,530,3,177,2,1,3,10,2,2,6
1,1,3,1,1,1,1,1,3,4,2,2,530,3,177,2,1,2,10,4,2,6
2,1,3,1,1,1,1,1,3,4,2,2,537,3,179,2,1,5,10,4,2,6
1,1,3,1,1,1,1,2,3,4,2,2,730,4,183,1,1,2,10,5,2,6
1,1,3,1,1,1,1,1,1,4,2,2,558,3,186,2,1,5,10,4,2,6
2,1,3,1,4,2,1,1,3,4,2,2,750,4,188,1,1,3,10,5,2,6
1,1,3,1,1,1,1,4,3,4,2,2,1319,7,188,2,1,1,10,4,2,6
1,1,1,1,1,1,1,2,3,4,2,2,570,3,190,2,1,2,10,5,2,6
2,1,3,1,0,2,1,1,1,4,2,2,954,5,191,1,1,3,10,5,2,6
1,1,3,1,1,1,2,1,3,4,2,2,777,4,194,2,1,5,10,5,2,6
2,1,3,1,1,1,1,1,3,4,2,2,1388,7,198,2,1,1,10,5,2,6
1,1,3,1,1,1,1,1,3,4,2,2,400,2,200,2,1,5,10,4,2,6
1,1,3,1,1,1,1,1,3,4,2,2,1037,5,207,2,1,1,10,4,2,6
1,1,3,1,1,1,1,1,3,4,2,2,650,3,217,1,1,5,10,2,2,6
2,1,1,1,1,1,1,2,3,2,2,2,650,3,217,2,1,5,10,2,2,6
1,1,3,1,1,1,1,1,3,4,2,2,1111,5,222,1,1,5,10,6,2,6
1,1,3,1,4,1,3,1,3,4,2,2,450,2,225,2,1,5,10,5,2,6
1,1,1,1,1,1,1,1,3,4,2,2,900,4,225,2,1,3,10,4,2,6
2,1,3,1,1,1,2,2,3,4,2,2,689,3,230,2,1,3,10,5,2,6
1,1,3,1,1,1,1,1,3,4,2,2,700,3,233,2,1,5,10,5,2,6
2,1,3,1,1,2,1,1,2,4,2,2,937,4,234,1,1,5,10,4,2,6
2,1,3,1,1,1,1,1,3,4,2,2,709,3,236,1,1,5,10,4,2,6
2,1,3,1,4,1,1,1,3,4,2,2,954,4,239,2,2,2,10,0,2,4
2,1,3,1,1,2,1,1,3,4,2,2,960,4,240,1,1,1,10,4,2,3
2,1,3,1,1,1,1,1,3,4,2,2,1236,5,247,1,2,3,10,6,2,6
2,1,3,1,2,1,1,4,3,4,2,2,500,2,250,2,1,5,10,2,2,6
2,1,3,1,2,1,1,0,3,4,2,2,500,2,250,2,1,3,10,4,2,6
1,1,3,1,1,1,1,1,1,4,2,2,750,3,250,2,1,3,10,4,2,6
1,1,3,1,4,2,2,0,3,4,2,2,750,3,250,2,1,1,10,5,2,6
2,1,3,1,1,1,1,4,3,4,2,2,1017,4,254,1,1,3,10,5,2,6
1,1,3,1,1,1,1,4,3,4,2,2,1024,4,256,2,1,1,10,4,2,6
1,1,3,1,2,1,1,3,3,4,2,2,770,3,257,2,1,2,10,2,2,6
1,1,3,1,1,1,1,1,3,4,2,2,1037,4,259,1,1,5,10,2,2,6
1,1,3,1,1,1,1,2,3,4,2,1,1300,5,260,1,1,1,10,5,2,6
2,1,1,1,1,1,1,4,3,4,2,2,1042,4,261,2,1,3,10,4,2,6
2,1,3,1,1,1,1,1,3,4,2,2,1311,5,262,2,1,3,10,2,2,6
2,1,3,1,4,1,1,1,1,4,2,2,1054,4,264,2,1,3,10,6,2,6
1,1,3,1,1,2,2,1,1,4,2,2,1066,4,266,1,2,3,10,5,2,6
2,1,3,1,1,2,1,1,3,4,2,2,800,3,267,2,1,3,10,5,2,6
2,1,1,1,1,1,1,4,3,4,2,2,800,3,267,2,1,3,10,4,2,6
1,1,3,1,1,1,1,1,3,4,2,2,1077,4,269,1,1,1,10,4,2,6
2,1,3,1,1,1,1,1,3,4,2,2,1084,4,271,1,1,1,10,6,2,6
1,1,3,1,1,1,1,1,3,4,2,2,1908,7,273,1,1,3,10,5,2,6
1,1,3,1,1,1,1,2,3,4,2,2,1091,4,273,2,1,1,10,5,2,6
2,1,3,1,1,1,3,1,3,4,2,2,1094,4,274,2,1,3,10,5,2,5
2,1,3,1,1,1,1,1,3,1,2,2,550,2,275,2,1,1,10,4,2,6
1,1,3,1,5,2,1,4,1,4,2,2,570,2,285,1,1,3,10,4,1,6
1,1,1,1,1,1,1,4,3,2,2,2,1142,4,286,1,1,3,10,4,2,6
1,1,3,1,1,2,2,1,3,4,2,2,1147,4,287,2,1,1,10,5,2,6
2,1,1,1,1,1,1,4,3,4,2,2,2298,8,287,2,2,1,10,5,2,6
1,1,3,1,1,1,1,1,3,2,2,2,1150,4,288,2,1,1,10,4,2,3
1,1,3,1,1,1,1,2,3,4,2,2,1155,4,289,1,1,1,10,4,2,6
1,1,1,1,1,2,1,1,3,4,2,2,1485,5,297,2,1,1,10,4,2,6
1,1,3,1,3,2,1,4,3,4,2,2,300,1,300,2,1,5,10,2,2,6
2,1,1,1,1,1,3,1,1,4,2,2,900,3,300,2,1,3,10,4,2,6
2,1,1,1,2,1,1,1,3,4,2,2,600,2,300,1,1,2,10,4,2,3
2,1,1,1,1,1,1,1,1,4,2,2,1500,5,300,1,1,1,10,4,2,3
1,1,1,1,1,2,1,1,2,4,2,2,1220,4,305,2,1,3,10,5,2,4
2,1,3,1,1,1,1,1,3,1,2,2,916,3,305,2,1,2,10,4,2,6
2,1,1,1,4,1,1,1,3,4,2,2,930,3,310,2,1,5,10,5,2,6
2,1,3,1,1,1,1,1,3,4,2,2,1552,5,310,1,1,1,10,4,2,6
1,1,3,1,1,2,1,1,3,4,1,2,937,3,312,1,1,3,10,5,2,6
2,1,3,1,1,1,1,4,3,4,2,2,954,3,318,2,1,5,10,5,2,6
2,1,3,1,1,1,1,1,3,4,2,2,954,3,318,2,1,1,10,4,2,5
1,1,3,1,1,1,1,4,3,4,2,2,954,3,318,2,1,3,10,4,2,6
2,1,1,1,1,1,1,1,1,4,2,2,954,3,318,2,1,1,10,4,2,6
1,1,1,1,1,1,1,1,1,4,2,2,954,3,318,1,1,3,10,5,2,4
2,1,3,1,1,2,1,1,2,4,2,2,954,3,318,1,1,2,10,4,2,3
1,1,0,1,1,1,1,4,1,4,2,2,954,3,318,2,1,1,10,4,2,3
1,1,1,1,1,1,2,1,3,4,2,2,954,3,318,2,1,3,10,5,2,4
1,1,3,1,1,1,1,1,3,4,2,2,954,3,318,2,1,2,10,4,2,5
2,1,1,1,4,1,1,1,3,4,2,2,960,3,320,2,1,5,10,5,2,5
2,1,3,1,1,1,1,1,3,4,2,2,1622,5,324,2,1,1,10,4,2,3
1,1,3,1,4,1,1,1,3,4,2,2,650,2,325,1,1,5,10,5,2,6
1,1,3,1,1,1,3,1,3,4,2,2,975,3,325,2,1,5,10,4,2,6
1,1,3,1,1,1,1,1,1,4,2,2,989,3,330,2,1,1,10,4,2,6
2,1,3,1,1,1,2,2,3,4,2,2,990,3,330,2,1,5,10,4,2,6
1,1,1,1,1,1,1,2,3,4,2,2,1662,5,332,2,1,3,10,5,2,6
2,1,3,1,1,1,1,1,3,4,2,2,1000,3,333,2,1,1,10,5,2,5
2,1,3,1,1,1,1,2,3,4,2,2,1354,4,339,1,2,5,10,2,2,6
1,1,3,1,1,1,1,1,4,4,2,2,689,2,345,1,1,2,10,5,2,6
1,1,1,1,1,2,1,1,3,4,2,2,1723,5,345,2,1,5,10,4,2,4
1,1,3,1,1,1,2,2,3,4,2,2,1043,3,348,2,1,1,10,4,2,4
2,1,3,1,1,2,1,1,3,4,2,2,1049,3,350,1,1,5,10,4,2,6
2,1,3,1,1,1,1,4,3,4,2,2,1050,3,350,2,1,3,10,2,2,6
2,1,1,1,3,1,1,1,3,1,2,2,350,1,350,2,1,2,10,2,2,5
2,1,3,1,4,1,1,3,3,2,2,2,700,2,350,2,1,2,10,4,2,4
1,1,1,1,1,1,1,1,3,4,2,2,1402,4,351,1,1,2,10,4,2,6
1,1,3,1,1,1,1,1,1,4,2,2,1055,3,352,2,1,2,10,4,2,3
2,1,3,1,1,2,1,1,3,4,2,2,1065,3,355,2,1,5,10,5,2,6
1,1,3,1,1,1,2,1,3,4,2,1,1068,3,356,1,1,3,10,4,2,6
2,1,3,1,1,1,1,2,3,4,2,2,1071,3,357,1,1,2,10,5,2,5
1,1,1,1,1,1,1,1,3,4,2,2,1072,3,357,2,1,1,10,4,2,6
1,1,3,1,1,2,1,4,3,4,2,2,1443,4,361,2,1,2,10,6,2,4
1,1,3,1,1,1,1,4,3,4,2,2,1450,4,363,2,1,5,10,5,2,4
2,1,3,1,1,2,1,4,3,4,2,2,1100,3,367,1,1,2,10,5,2,6
2,1,3,1,1,1,1,2,3,4,2,2,737,2,369,2,1,1,10,2,2,3
2,1,3,1,1,1,1,1,3,4,2,2,1113,3,371,2,1,1,10,4,2,5
2,1,3,1,0,1,1,2,1,4,2,1,1497,4,374,2,1,5,10,4,2,3
1,1,1,1,1,2,1,1,3,4,2,1,1506,4,377,2,1,2,10,5,2,3
2,1,1,1,4,1,1,1,3,4,2,2,1908,5,382,2,1,5,10,4,2,6
2,1,3,1,5,2,1,1,3,4,2,2,1908,5,382,1,2,1,10,5,2,6
1,1,3,1,1,1,3,1,3,4,2,1,1154,3,385,1,2,3,10,5,1,6
2,1,3,1,1,2,1,1,2,4,2,2,1163,3,388,1,1,2,10,4,2,4
1,1,1,1,1,1,1,1,1,2,2,2,1166,3,389,2,1,3,10,5,2,3
1,1,3,1,1,1,1,1,3,4,2,2,1577,4,394,2,1,3,10,4,2,3
1,1,3,1,1,1,1,1,3,4,2,2,1598,4,400,2,1,3,10,5,2,5
1,1,3,1,4,2,1,1,3,4,2,2,1200,3,400,1,1,2,10,2,2,3
2,1,3,1,0,2,1,1,1,4,2,2,800,2,400,2,1,3,10,4,2,6
1,1,3,1,1,1,1,4,3,4,2,2,800,2,400,1,1,5,10,5,2,6
1,1,3,1,1,1,1,1,3,4,2,2,1606,4,402,1,1,3,10,4,2,3
2,1,3,1,0,1,1,1,3,4,2,2,1614,4,404,1,2,5,10,2,2,5
2,1,3,1,1,1,3,1,3,4,2,2,1623,4,406,2,1,1,10,5,2,3
2,1,3,1,1,1,1,4,3,4,2,2,1644,4,411,1,1,1,10,4,2,5
2,1,3,1,1,1,1,1,3,4,2,2,1237,3,412,2,1,2,10,4,2,3
1,1,1,1,1,1,1,1,3,4,2,1,2475,6,413,2,1,2,10,4,2,3
1,1,3,1,1,1,1,1,1,4,2,2,2075,5,415,2,1,1,10,4,2,4
2,1,1,1,1,1,3,2,1,4,2,2,1246,3,415,2,1,5,10,4,2,4
2,1,3,1,1,2,2,1,3,4,2,2,1254,3,418,1,1,3,10,5,2,4
1,1,3,1,1,2,3,1,1,4,2,2,1680,4,420,2,1,2,10,4,2,5
2,1,3,1,1,1,1,4,3,4,2,2,1262,3,421,2,1,3,10,4,2,4
2,1,3,1,1,1,1,3,3,4,2,2,1710,4,428,1,1,2,10,4,2,3
1,1,3,1,4,1,1,1,1,4,2,2,2576,6,429,2,1,1,10,4,2,4
1,1,3,1,1,1,1,1,3,4,2,2,1725,4,431,2,1,5,10,4,2,3
2,1,3,1,1,2,1,1,2,4,2,2,1732,4,433,2,2,2,10,4,2,4
1,1,3,1,1,2,1,4,2,4,2,2,1299,3,433,1,1,2,10,4,2,3
1,1,1,1,1,1,1,2,3,4,2,2,2220,5,444,2,2,3,10,4,2,6
2,1,3,1,3,1,1,4,3,2,2,2,450,1,450,2,1,5,10,2,2,6
1,1,3,1,3,1,1,1,3,1,2,2,450,1,450,1,1,5,10,2,2,6
1,1,3,1,1,2,1,4,3,1,2,2,1352,3,451,1,1,2,10,0,2,6
2,1,3,1,2,1,1,1,3,4,2,2,1377,3,459,1,1,2,10,2,2,5
1,1,3,1,1,2,1,1,1,4,2,2,2296,5,459,2,1,1,10,4,2,3
1,1,3,1,1,1,1,3,3,4,2,2,1840,4,460,2,1,2,10,2,2,3
2,1,3,1,1,1,1,1,3,4,2,2,1396,3,465,1,1,1,10,4,2,5
1,1,3,1,1,2,1,1,3,4,2,2,1888,4,472,1,1,3,10,5,2,6
2,1,3,1,1,2,1,1,3,4,2,2,2834,6,472,1,1,1,10,4,2,4
2,1,3,1,1,1,1,4,3,4,2,1,948,2,474,1,1,3,10,4,2,6
2,1,3,1,1,1,1,1,1,4,2,1,2372,5,474,1,1,1,10,4,2,3
2,1,3,1,1,1,1,1,3,4,2,2,1426,3,475,2,1,2,10,4,2,4
1,1,3,1,1,1,1,1,3,1,2,2,954,2,477,2,1,2,10,4,2,4
1,1,3,1,1,1,1,4,3,4,2,2,954,2,477,2,1,5,10,4,2,6
1,1,3,1,1,1,1,2,3,4,2,2,954,2,477,2,1,3,10,4,2,3
1,1,1,1,4,1,1,4,3,1,2,2,954,2,477,1,1,5,10,4,2,4
2,1,3,1,1,1,1,1,3,4,2,2,954,2,477,2,2,5,10,5,2,4
2,1,3,1,1,1,1,2,3,4,2,2,954,2,477,1,1,5,10,2,2,6
1,1,1,1,1,1,1,4,3,4,2,2,954,2,477,2,1,5,10,4,2,6
2,1,3,1,1,1,1,1,3,4,2,2,1908,4,477,2,2,3,10,5,2,4
2,1,3,1,1,1,1,1,3,4,2,2,954,2,477,1,1,3,10,5,2,4
1,1,1,1,1,1,1,1,3,4,2,2,954,2,477,2,1,2,10,4,2,6
2,1,3,1,1,1,1,1,3,4,2,2,954,2,477,1,2,1,10,5,2,5
1,1,3,1,2,2,1,1,4,4,2,2,954,2,477,2,1,3,10,2,2,6
2,1,3,1,1,1,1,1,3,4,2,2,954,2,477,2,1,5,10,6,2,3
2,1,3,1,1,1,1,1,3,4,2,2,954,2,477,2,1,3,10,5,2,3
2,1,3,1,5,1,1,3,1,4,2,2,1440,3,480,2,1,5,10,4,2,6
1,1,3,1,1,2,1,1,3,4,2,2,1959,4,490,2,1,2,10,5,2,3
2,1,3,1,5,2,2,1,1,2,2,2,2499,5,500,2,2,1,10,4,2,4
2,1,3,1,1,1,2,0,3,4,2,2,1000,2,500,2,1,5,10,4,2,4
1,1,3,1,1,2,1,1,3,4,2,2,1500,3,500,1,1,1,10,2,2,5
2,1,1,1,1,1,1,4,3,2,2,2,2003,4,501,2,2,1,10,4,2,5
2,1,3,1,1,1,2,1,3,4,2,2,2031,4,508,2,1,5,10,5,2,4
2,1,3,1,1,1,1,1,3,4,2,2,1020,2,510,2,1,1,10,4,2,3
1,1,3,1,1,1,1,1,3,1,2,2,1022,2,511,2,1,2,10,4,2,6
2,1,3,1,1,1,2,1,1,4,2,2,2071,4,518,1,1,5,10,4,2,3
2,1,3,1,1,1,1,1,1,4,2,2,1584,3,528,2,1,5,10,4,2,3
1,1,3,1,1,1,1,1,3,4,2,2,2151,4,538,2,1,1,10,4,2,3
1,1,3,1,1,1,1,1,1,4,2,2,2167,4,542,2,1,2,10,4,2,4
2,1,1,1,1,1,1,1,1,2,2,2,1628,3,543,2,1,1,10,5,2,6
2,1,1,1,1,1,1,1,3,2,2,2,2190,4,548,2,1,1,10,4,2,4
2,1,3,1,1,1,1,1,1,2,2,1,1648,3,549,2,1,3,10,4,1,3
2,1,3,1,1,1,3,1,3,4,2,2,1654,3,551,2,1,3,10,4,2,6
2,1,3,1,1,1,1,2,3,2,2,2,2208,4,552,2,1,3,10,5,2,5
2,1,3,1,2,1,1,1,3,4,2,2,2223,4,556,2,1,2,10,4,2,5
1,1,3,1,1,1,1,1,1,1,2,2,1114,2,557,2,1,3,10,4,2,5
1,1,3,1,1,1,1,1,3,4,2,2,1120,2,560,2,1,3,10,5,2,3
2,1,3,1,5,1,1,4,1,4,2,2,567,1,567,1,1,2,10,2,2,6
1,1,3,1,1,1,1,2,3,3,2,1,1700,3,567,2,1,2,10,2,2,3
2,1,3,1,4,1,2,1,3,4,2,2,2268,4,567,1,1,1,10,4,2,5
1,1,1,1,1,1,1,4,3,4,2,2,1717,3,572,2,1,2,10,4,2,4
2,1,3,1,1,1,1,1,3,4,2,2,2300,4,575,1,1,2,10,5,2,3
1,1,1,1,1,1,1,1,3,4,2,2,2300,4,575,2,1,2,10,5,2,3
2,1,3,1,1,1,1,1,3,4,2,2,1150,2,575,2,2,1,10,5,2,4
2,1,3,1,1,1,1,1,3,1,2,1,2984,5,597,2,1,1,10,2,2,5
2,1,3,1,1,1,1,1,3,3,2,2,2984,5,597,2,1,1,10,5,2,5
1,1,3,1,1,1,1,1,3,4,2,2,1801,3,600,2,1,2,10,4,2,4
2,1,3,1,1,1,1,2,3,4,2,2,3045,5,609,2,2,2,10,4,2,3
2,1,3,1,1,1,1,2,3,1,2,2,2465,4,616,2,1,1,10,2,2,4
1,1,3,1,1,1,1,1,3,4,2,2,1908,3,636,2,1,2,10,2,2,4
2,1,3,1,4,2,1,1,3,4,2,2,1908,3,636,2,1,5,10,4,2,3
2,1,3,1,1,2,1,1,3,4,2,2,1908,3,636,2,1,1,10,4,2,3
2,1,3,1,4,1,1,2,3,4,2,2,1908,3,636,2,1,1,10,6,2,4
1,1,3,1,1,1,1,1,3,4,2,2,1282,2,641,2,1,5,10,2,2,6
2,1,3,1,1,1,1,4,3,4,2,2,3209,5,642,2,2,2,10,4,2,3
2,1,3,1,2,1,1,0,3,4,2,2,3209,5,642,2,2,2,10,4,2,5
2,1,3,1,1,1,1,4,3,4,2,2,3209,5,642,2,2,2,10,4,2,3
1,1,1,1,4,1,1,4,3,3,2,2,3861,6,644,2,1,1,10,2,2,5
1,1,1,1,3,1,1,1,3,4,2,1,685,1,685,1,1,5,10,2,1,5
1,1,1,1,1,2,2,1,2,4,2,2,2848,4,712,2,2,1,9,4,2,3
2,1,3,1,1,1,2,4,3,4,2,2,1445,2,723,2,1,2,9,5,2,3
2,1,3,1,1,1,1,2,3,1,2,2,2908,4,727,2,1,2,9,4,2,3
2,1,1,1,1,2,0,4,3,3,2,2,1460,2,730,2,2,1,9,4,2,3
2,1,3,1,1,1,1,1,3,4,2,2,2935,4,734,2,1,2,9,4,2,3
2,1,3,1,1,2,1,4,3,4,2,2,3673,5,735,2,2,1,9,4,2,5
1,1,3,1,1,1,1,1,3,4,2,2,2959,4,740,2,1,2,9,4,2,4
1,1,3,1,0,2,1,1,3,4,2,2,3707,5,741,1,1,3,9,4,2,6
2,1,3,1,4,1,3,1,1,4,2,2,2985,4,746,2,1,1,9,4,2,3
1,1,1,1,3,2,1,1,1,4,2,2,3005,4,751,2,1,5,9,4,2,4
2,1,3,1,1,2,1,1,1,4,2,2,3773,5,755,2,1,1,9,2,2,3
2,1,3,1,1,1,1,1,3,4,2,2,2290,3,763,2,2,5,9,4,2,3
2,1,3,1,1,1,1,1,1,4,2,1,1550,2,775,2,1,5,9,2,2,3
2,1,3,1,1,2,1,1,1,4,2,2,2345,3,782,2,2,2,9,2,2,3
1,1,3,1,1,1,1,1,1,4,2,2,3260,4,815,2,1,3,9,4,2,3
2,1,3,1,1,2,2,1,3,4,2,2,3305,4,826,2,2,3,9,4,2,3
1,1,3,1,5,2,2,1,3,4,2,2,4150,5,830,2,1,1,9,4,2,3
1,1,3,1,1,1,1,1,1,4,2,2,3501,4,875,2,2,5,9,5,2,3
2,1,3,1,1,1,1,4,3,4,2,2,3503,4,876,2,1,1,9,5,2,3
2,1,3,1,2,1,3,0,3,4,2,2,1787,2,894,1,1,5,9,4,2,4
1,1,3,1,1,1,1,1,3,4,2,2,2837,3,946,2,1,1,9,4,2,3
1,1,1,1,2,1,1,1,3,4,2,2,954,1,954,2,1,5,9,2,2,6
1,1,3,1,1,2,1,4,3,4,2,2,4000,4,1000,2,1,2,9,5,2,3
2,1,3,1,4,2,2,4,3,4,2,2,3085,3,1028,2,1,2,9,6,2,3
2,1,3,1,1,1,1,1,3,1,2,2,3732,3,1244,2,1,1,9,4,2,3
1,1,3,1,1,1,1,1,3,2,2,1,3748,3,1249,2,1,5,9,4,2,3
2,1,3,1,1,1,1,4,3,4,2,2,5200,4,1300,2,1,1,9,4,2,3
2,1,1,1,1,2,1,4,3,4,2,2,2880,2,1440,2,2,3,9,1,2,3
1,1,3,1,5,2,1,0,1,4,2,2,91,1,91,2,1,5,10,4,2,6
1,1,3,1,2,1,1,1,3,4,2,2,600,6,100,2,1,5,10,5,2,6
1,1,1,1,4,2,1,2,3,4,2,2,374,3,125,2,1,5,10,5,2,6
1,1,3,1,2,1,1,1,3,4,2,2,300,2,150,2,1,5,10,4,2,6
2,1,3,1,1,1,1,3,3,4,2,2,1400,7,200,2,1,5,10,5,2,6
2,1,3,1,1,2,1,1,2,4,2,2,846,4,212,2,1,5,10,5,2,6
1,1,3,1,1,2,1,1,3,4,2,2,954,4,239,2,1,5,10,5,2,6
2,1,3,1,1,1,1,1,3,4,2,2,1296,5,259,2,2,5,10,6,2,6
1,1,3,1,1,1,1,1,3,4,2,2,1908,7,273,2,1,5,10,6,2,6
2,1,3,1,1,1,1,2,3,4,2,2,898,3,299,2,1,5,10,4,2,6
1,1,3,1,1,2,1,1,3,4,2,2,954,3,318,2,1,5,10,4,2,6
1,1,3,1,1,2,1,4,3,1,2,2,1352,3,451,2,1,5,10,5,2,6
2,1,3,1,5,1,1,4,1,4,2,2,477,1,477,2,1,5,10,4,2,6
2,1,3,1,3,2,2,1,1,4,2,2,1454,3,485,2,1,5,10,6,2,6
1,1,3,1,4,1,1,0,1,4,2,2,1997,4,499,2,1,5,10,4,2,6
2,1,3,1,4,2,1,1,3,4,2,2,700,4,175,2,1,5,10,5,2,6
1,1,3,1,1,1,1,1,1,4,2,2,489,2,245,2,1,1,10,5,2,6
1,1,3,1,1,1,1,1,3,4,2,2,580,5,116,2,1,5,10,5,2,6
1,1,3,1,5,2,0,1,3,4,2,2,2613,5,523,2,1,5,10,2,2,6
2,1,3,1,1,1,1,1,3,4,2,2,1552,5,310,2,1,1,10,4,2,6
2,1,3,1,1,2,2,1,3,4,2,2,1123,3,374,2,1,5,10,4,2,6
1,1,1,1,1,1,1,1,3,4,2,2,995,6,166,2,1,5,10,5,2,6
2,1,3,1,1,1,1,4,3,4,2,2,600,3,200,2,1,5,10,4,2,6
1,1,3,1,1,1,1,1,3,4,2,2,1010,4,253,2,1,5,10,4,2,6
2,1,3,1,1,1,1,1,3,4,2,2,450,6,75,2,1,5,10,4,2,6
2,1,3,1,1,1,1,1,3,4,2,2,1132,4,283,2,1,5,10,6,2,6
1,1,3,1,1,2,1,4,3,4,2,2,1500,4,375,2,1,5,10,0,2,6
1,1,3,1,4,1,1,2,3,4,2,2,1684,4,421,2,1,5,10,4,2,6
2,1,3,1,2,1,1,4,3,4,2,2,250,2,125,2,1,5,10,4,2,5
1,1,3,1,1,1,1,4,3,4,2,2,800,2,400,2,1,5,10,5,2,5
2,1,1,1,2,1,1,1,3,4,2,2,600,2,300,2,1,1,10,4,2,5
2,1,3,1,1,2,1,1,3,4,2,2,950,4,238,2,1,5,10,5,2,5
2,1,3,1,5,2,1,1,1,4,2,2,954,4,239,2,1,5,10,5,2,5
2,1,3,1,1,1,1,1,3,4,2,2,1650,5,330,2,2,5,10,4,2,5
2,1,3,1,1,1,1,2,3,4,2,2,1084,3,361,2,1,5,10,4,2,5
2,1,3,1,5,1,1,1,1,1,2,2,874,3,291,2,1,5,10,2,2,5
2,1,3,1,1,2,1,1,3,4,2,2,1377,6,230,2,1,5,10,6,2,5
2,1,3,1,1,2,1,1,3,4,2,2,960,4,240,2,1,5,10,4,2,5
2,1,3,1,1,1,1,1,1,4,2,2,1097,3,366,2,1,5,10,4,2,5
1,1,3,1,1,1,1,0,3,4,1,2,650,2,325,2,1,0,10,5,2,5
2,1,3,1,1,1,1,4,3,4,2,2,1148,2,574,2,1,5,10,4,2,5
2,1,3,1,1,2,1,1,3,4,2,2,1986,3,662,2,1,5,10,5,2,5
2,1,3,1,1,1,1,1,3,4,2,2,600,3,200,2,1,5,10,5,2,5
2,1,3,1,1,1,1,1,1,4,2,2,954,4,239,2,1,5,10,4,2,5
2,1,3,1,1,2,1,1,3,4,1,2,1071,3,357,2,1,5,10,4,2,5
1,1,3,1,1,2,1,1,3,4,2,2,1100,3,367,2,1,1,10,2,2,5
2,1,3,1,1,2,1,1,3,4,2,2,1908,5,382,2,2,5,10,5,2,5
2,1,1,1,1,1,1,1,1,4,2,2,1400,5,280,2,1,5,10,6,2,5
2,1,1,1,1,1,1,1,3,4,2,2,1540,5,308,2,1,5,10,5,2,5
2,1,3,1,1,1,1,2,3,4,2,2,954,2,477,2,1,5,10,4,2,5
1,1,1,1,4,1,1,1,3,4,2,2,1004,2,502,2,1,5,10,6,2,4
2,1,3,1,4,1,1,0,3,4,2,2,954,3,318,2,1,1,10,5,2,4
1,1,3,1,1,2,2,1,3,4,2,2,1060,3,353,2,1,5,10,4,2,4
2,1,3,1,1,2,1,1,2,4,2,2,1549,4,387,2,2,5,10,4,2,4
1,1,1,1,1,1,1,1,3,4,2,2,854,3,285,2,1,5,10,4,2,4
1,1,3,1,1,2,1,1,3,4,2,2,937,3,312,2,1,5,10,5,2,4
1,1,3,1,1,1,1,1,3,4,2,2,1000,3,333,2,1,5,10,4,2,4
2,1,3,1,1,1,1,1,3,4,2,2,1070,3,357,2,1,5,10,4,2,4
2,1,3,1,1,2,1,1,3,4,2,2,1931,5,386,2,1,5,10,4,2,4
1,1,3,1,2,1,1,1,3,4,2,2,450,1,450,2,1,5,10,4,2,4
1,1,3,1,5,2,1,1,3,4,2,2,1889,4,472,2,1,5,10,5,2,4
2,1,3,1,4,1,1,1,1,4,2,2,2370,5,474,2,1,5,10,4,2,4
1,1,3,1,1,1,1,2,3,4,2,2,1089,4,272,2,1,1,10,4,2,4
2,1,3,1,2,1,1,1,3,4,2,2,1377,3,459,2,1,5,10,4,2,4
2,1,3,1,3,2,1,1,3,4,2,2,864,1,864,2,1,5,9,4,2,4
2,1,3,1,1,1,2,1,3,4,2,2,2262,4,566,2,1,5,10,5,2,4
2,1,3,1,1,1,1,1,3,4,2,2,1277,4,319,2,1,5,10,5,2,4
2,1,3,1,1,1,1,4,3,4,2,2,1200,3,400,2,1,5,10,2,2,4
2,1,3,1,1,1,1,4,3,4,2,2,1448,4,362,2,1,1,10,2,2,4
1,1,3,1,1,1,1,1,3,4,2,2,1300,4,325,2,1,1,10,2,2,3
1,1,3,1,1,1,1,4,3,4,2,2,1035,4,259,2,1,1,10,5,2,3
2,1,3,1,1,1,1,1,3,4,2,2,4594,5,919,2,1,5,9,5,2,4
1,1,3,1,5,1,1,4,1,3,2,2,900,1,900,2,1,5,9,4,2,3
1,1,3,1,1,1,1,1,3,4,2,2,1575,4,394,2,1,5,10,4,2,3
1,1,0,1,4,1,1,1,3,1,2,2,954,2,477,2,1,5,10,5,2,3
2,1,3,1,1,1,2,1,3,4,2,2,2000,4,500,2,1,5,10,4,2,3
2,1,3,1,2,1,1,4,3,4,2,2,1350,2,675,2,1,5,10,4,2,3
2,1,3,1,4,1,1,1,3,4,2,2,1614,4,404,2,1,5,10,4,2,3
2,1,1,1,1,1,1,1,1,4,2,2,954,2,477,2,1,5,10,4,2,3
2,1,3,1,1,1,1,2,3,1,2,2,1269,3,423,2,1,5,10,5,2,3
2,1,3,1,1,1,1,1,3,4,2,2,2140,4,535,2,1,5,10,4,2,3
2,1,3,1,1,1,1,1,3,4,2,2,1908,2,954,2,1,5,9,5,2,3
2,1,3,1,1,2,1,1,2,4,2,2,954,3,318,2,1,5,10,4,2,3
1,1,1,1,1,1,1,1,3,4,2,2,1484,2,742,2,1,5,9,4,2,3
1,1,3,1,1,1,1,1,3,4,2,2,1402,4,351,2,1,1,10,5,2,3
2,1,3,1,1,2,1,1,2,4,2,2,1163,3,388,2,1,5,10,4,2,3
2,1,3,1,1,1,1,3,2,4,2,2,1626,4,407,2,1,5,10,4,2,3
2,1,3,1,1,1,1,4,3,4,2,2,1554,2,777,2,1,5,9,5,2,3
1,1,3,1,1,1,1,1,3,4,2,2,2390,4,598,2,1,5,10,4,2,3
2,1,3,1,1,1,1,1,3,4,2,2,1000,4,250,2,1,5,10,5,2,3
2,1,3,1,1,1,1,1,3,4,2,2,1954,3,651,2,1,5,10,4,2,3
2,1,1,1,1,1,1,4,1,4,2,2,3942,5,788,2,1,1,9,2,2,3
2,1,1,1,1,1,1,1,3,4,2,2,2085,4,521,2,1,5,10,4,2,3
2,1,3,1,1,1,1,1,3,4,2,2,954,2,477,2,1,5,10,5,2,3
2,1,3,1,1,1,1,1,3,4,2,2,2300,4,575,2,1,5,10,5,2,3
1,1,3,1,1,2,1,4,2,4,2,2,1299,3,433,2,1,5,10,4,2,3
2,1,3,1,3,2,2,1,3,4,2,2,2200,4,550,2,1,5,10,4,2,3
1,1,3,1,1,1,1,4,1,4,2,2,1941,3,647,2,1,5,10,4,2,3
1,1,3,1,4,2,1,1,3,4,2,2,1558,3,519,2,1,5,10,4,2,2
1,1,3,1,1,1,1,1,3,4,2,2,2258,4,565,2,1,1,10,4,2,2
1,1,3,1,1,2,1,1,3,4,2,2,2527,5,505,2,1,5,10,4,2,2
2,1,3,1,1,1,1,2,3,4,2,2,4112,4,1028,2,1,5,9,4,2,2
1,1,3,1,1,1,1,1,3,4,2,2,1725,4,431,2,1,5,10,4,2,2
1,1,3,1,1,1,1,1,1,4,2,2,1821,4,455,2,1,5,10,4,2,2
2,1,3,1,1,1,1,1,3,4,2,2,2131,3,710,2,2,5,9,4,2,2
1,1,3,1,1,1,1,1,3,4,2,2,1465,3,488,2,1,5,10,4,2,2
1,1,3,1,1,1,1,1,1,4,2,2,2106,5,421,2,1,5,10,4,2,2
2,1,3,1,1,1,1,2,3,4,2,2,2420,3,807,2,1,5,9,4,2,2
1,1,3,1,1,1,1,1,3,4,2,2,3252,4,813,2,2,5,9,4,2,2
2,1,1,1,1,1,1,4,3,1,2,2,954,2,477,2,2,5,10,4,2,2
1,1,1,1,1,1,1,1,3,4,2,2,1852,3,617,2,1,5,10,4,2,2
2,1,3,1,1,2,1,4,3,4,2,2,2880,2,1440,2,2,5,9,1,2,2
1,1,3,1,1,1,1,1,3,4,2,2,2362,4,591,2,1,5,10,4,2,2
2,1,3,1,1,1,1,3,3,4,2,2,5079,4,1270,2,1,5,9,2,2,2
1,1,3,1,1,1,1,1,3,4,2,2,3031,3,1010,2,1,5,9,4,2,2
2,1,3,1,1,1,1,1,3,4,2,2,1237,3,412,2,1,5,10,4,2,2
2,1,3,1,1,1,1,1,3,4,2,2,2498,2,1249,2,1,5,9,4,2,2
1,1,3,1,1,1,1,1,3,4,2,2,2070,2,1035,2,1,5,9,2,2,2
1,1,3,1,1,2,1,1,3,4,2,2,2856,4,714,2,2,0,9,4,2,2
2,1,3,1,1,2,1,2,3,4,2,1,400,3,133,1,1,5,10,4,2,6
2,1,3,1,1,2,1,1,3,4,2,2,1986,3,662,2,1,5,10,5,2,5
1,1,3,1,4,2,1,4,1,4,2,2,2695,3,898,1,1,5,9,5,2,4
1,1,3,1,1,2,1,4,3,4,2,2,1500,4,375,2,1,5,10,0,2,6
1,1,3,1,4,2,1,4,3,4,2,2,3600,3,1200,2,2,5,9,2,2,4
1,1,3,1,4,2,1,1,3,4,2,2,1000,3,333,1,1,5,10,5,2,5
2,1,3,1,1,2,1,1,2,4,2,2,1700,4,425,2,2,5,10,4,2,2
1,1,3,1,4,2,1,1,3,4,2,2,2101,5,420,2,1,5,10,5,2,5
1,1,3,1,1,2,1,4,1,4,2,2,878,5,176,1,1,5,10,5,2,6
1,1,1,1,2,2,1,1,3,4,2,1,1754,4,439,1,1,5,10,2,1,3
1,1,3,1,1,2,1,1,1,4,2,2,1000,3,333,1,1,5,10,5,2,5
2,1,3,1,1,2,1,1,3,4,2,1,3794,6,632,2,1,0,10,5,2,4
2,1,3,1,3,2,2,1,1,4,2,2,1454,3,485,2,1,5,10,6,2,6
1,1,1,1,1,2,1,4,1,4,2,2,2740,7,391,2,1,5,10,5,2,4
1,1,3,1,4,2,1,1,3,4,2,2,2370,4,593,2,2,5,10,2,2,3
1,1,3,1,1,2,1,4,3,1,2,2,1352,3,451,2,1,5,10,5,2,6
1,1,3,1,5,2,2,1,3,4,2,2,1054,3,351,2,1,0,10,5,2,6
1,1,3,1,5,2,1,0,1,4,2,2,91,1,91,2,1,5,10,4,2,6
1,1,3,1,1,2,1,1,3,4,2,2,954,3,318,2,1,5,10,4,2,6
1,1,3,1,1,2,1,1,3,4,2,2,1908,3,636,2,2,5,10,4,2,3
2,1,3,1,3,1,1,1,1,4,2,2,1400,4,350,2,1,5,10,5,2,4
2,1,3,1,5,2,1,2,1,3,2,2,954,3,318,2,1,5,10,4,2,5
1,1,3,1,5,2,3,1,3,4,2,2,435,6,73,1,1,5,10,2,2,6
1,1,3,1,1,2,1,2,3,4,2,2,878,5,176,1,1,5,10,5,2,6
1,1,3,1,5,2,0,1,3,4,2,2,2613,5,523,2,1,5,10,2,2,6
1,1,3,1,2,2,1,2,3,4,2,2,1980,2,990,2,1,5,9,2,2,5
1,1,3,1,1,2,1,1,3,4,2,2,954,4,239,2,1,5,10,5,2,6
2,1,1,1,1,2,1,1,1,2,2,2,1132,4,283,1,1,5,10,4,2,4
1,1,3,1,1,2,1,2,3,4,2,2,480,3,160,1,1,5,10,4,2,6
1,1,3,1,1,2,3,2,4,4,2,2,200,3,67,1,1,5,10,4,2,6
1,1,3,1,1,2,1,2,2,4,2,2,937,4,234,2,1,5,10,5,2,5
1,1,3,1,1,2,1,2,3,4,2,1,1660,4,415,1,1,5,10,5,2,5
2,1,3,1,1,1,1,1,1,4,2,2,2733,5,547,1,1,5,10,4,2,3
1,1,1,1,4,1,1,1,3,3,2,2,1953,2,977,2,2,5,9,5,2,2
1,1,3,1,1,1,1,1,3,4,2,2,2279,3,760,2,2,5,9,4,2,2
2,1,3,1,1,1,2,4,3,4,2,2,950,3,317,2,1,5,10,5,2,4
2,1,3,1,1,1,1,1,1,4,2,2,954,3,318,2,1,5,10,5,2,4
1,1,1,1,1,1,1,4,3,4,2,2,1716,3,572,1,1,5,10,4,2,3
1,1,1,1,3,1,1,0,3,2,2,2,500,1,500,2,1,5,10,2,1,6
2,1,3,1,3,1,1,4,3,4,2,2,954,2,477,1,1,5,9,4,2,6
1,1,1,1,1,1,1,2,3,1,2,1,1000,2,500,2,1,5,10,4,2,3
2,1,3,1,1,1,1,1,3,4,2,2,1638,4,410,2,2,5,10,4,2,4
2,1,3,1,1,1,1,1,3,4,2,2,2926,4,731,2,2,5,9,2,2,2
2,1,3,1,1,1,1,1,3,4,2,2,1048,3,349,2,1,5,10,4,2,2
2,1,3,1,1,1,1,2,3,4,2,2,1280,7,183,2,1,5,10,5,2,5
2,1,3,1,1,1,1,1,3,4,2,2,285,7,41,1,1,5,10,4,2,6
2,1,3,1,1,1,1,1,3,4,2,2,678,4,170,1,1,5,10,4,2,5
2,1,3,1,1,1,1,0,3,4,2,2,940,4,235,2,1,5,10,4,2,4
2,1,3,1,1,1,1,1,3,4,2,2,1391,5,278,2,1,5,10,5,2,3
2,1,1,1,0,1,1,1,3,1,2,2,740,3,247,2,2,0,10,2,2,5
2,1,1,1,2,1,1,3,3,4,2,2,1050,2,525,2,2,5,10,4,2,5
2,1,3,1,1,1,1,1,3,4,2,2,2000,4,500,1,1,0,10,4,2,2
1,1,3,1,1,1,1,1,3,3,2,2,1520,3,507,2,1,5,10,5,2,3
2,1,3,1,1,2,1,1,2,4,2,2,771,2,386,2,1,5,10,4,2,5
1,1,3,1,1,1,1,4,3,4,2,2,1610,2,805,2,2,5,9,4,2,3
2,1,3,1,1,1,1,1,3,1,2,2,1256,4,314,2,1,5,10,5,2,2
2,1,1,1,1,1,1,1,3,4,2,2,1000,3,333,2,1,5,10,4,2,4
2,1,1,1,1,1,1,2,3,4,2,2,954,3,318,2,1,5,10,2,2,5
2,1,3,1,2,2,2,1,3,4,2,1,1131,3,377,2,1,5,10,4,2,2
2,1,3,1,1,1,1,4,3,4,2,2,757,11,69,1,1,5,10,4,2,6
2,1,3,1,1,1,1,1,1,4,2,2,954,3,318,1,2,5,10,5,2,4
2,1,3,1,1,1,1,2,1,4,2,2,1100,3,367,2,1,5,10,4,2,3
1,1,3,1,1,1,1,1,3,1,2,2,350,2,175,2,1,5,10,4,2,4
1,1,3,1,1,1,1,1,3,4,2,2,1626,4,407,2,1,5,10,5,2,2
2,1,3,1,1,1,1,1,3,4,2,2,954,4,239,2,1,5,10,6,2,3
2,1,3,1,1,1,1,2,3,1,2,2,1688,3,563,2,1,5,10,4,2,3
2,1,3,1,0,1,1,1,4,1,2,2,400,2,200,1,1,5,10,2,2,4
2,1,1,1,2,1,1,1,1,4,2,2,800,2,400,1,1,5,10,2,2,4
2,1,3,1,4,2,1,2,2,4,2,2,1000,2,500,2,1,5,10,5,2,5
2,1,3,1,1,1,1,4,3,4,2,2,1700,4,425,1,2,5,10,4,2,3
2,1,3,1,0,1,1,1,3,4,2,2,600,4,150,2,1,5,10,2,2,6
1,1,3,1,4,2,1,1,3,4,2,2,1350,3,450,1,1,1,10,5,2,5
2,1,3,1,2,1,1,2,3,4,2,2,795,2,398,1,1,5,10,4,2,5
2,1,3,1,1,1,1,4,1,2,2,2,1014,4,254,2,1,5,10,2,1,2
2,1,3,1,1,1,1,1,3,4,2,2,954,2,477,2,1,5,10,5,2,2
1,1,3,1,1,1,1,2,3,3,2,2,500,2,250,2,1,5,10,1,2,4
1,1,3,1,1,1,1,1,3,4,2,2,1161,4,290,1,1,5,10,4,2,2
1,1,3,1,1,2,1,1,2,4,2,2,1439,5,288,2,1,5,10,4,2,5
2,1,3,1,1,1,1,4,1,4,2,2,3208,5,642,2,2,5,10,4,2,3
2,1,3,1,1,1,1,1,3,4,2,2,2150,5,430,2,1,5,10,5,2,2
2,1,3,1,1,1,1,2,3,4,2,2,2862,3,954,2,1,5,9,2,2,3
2,1,3,1,1,1,1,1,3,4,2,2,641,4,160,1,1,5,10,5,2,5
1,1,3,1,1,1,1,4,3,4,2,2,3458,5,692,2,2,0,10,4,2,2
2,1,3,1,2,1,1,0,3,4,2,2,374,2,187,2,1,5,10,4,2,6
1,1,3,1,1,1,1,2,3,4,2,2,1041,3,347,1,1,5,10,4,2,3
2,1,3,1,1,1,0,1,3,4,2,2,954,4,239,2,1,5,10,5,2,4
2,1,3,1,1,1,1,2,1,4,2,1,1000,2,500,1,1,5,10,1,2,2
2,1,3,1,1,1,1,1,3,4,2,2,954,4,239,2,2,5,10,5,2,3
2,1,3,1,1,1,2,1,3,4,2,2,982,3,327,2,1,5,10,4,2,4
1,1,3,1,1,1,1,1,3,4,2,2,550,2,275,1,1,5,10,4,2,4
2,1,3,1,2,1,0,1,3,4,2,2,1928,4,482,2,1,0,10,0,2,2
1,1,3,1,1,2,1,1,3,4,2,2,1138,3,379,1,1,5,10,4,2,6
1,1,3,1,1,1,1,1,1,4,2,2,1528,4,382,1,1,5,10,5,2,4
2,1,1,1,5,2,1,1,3,1,2,2,2086,3,695,2,1,5,10,4,2,3
1,1,3,1,1,2,2,1,4,4,2,2,1536,4,384,2,1,5,10,4,2,3
2,1,1,1,1,1,1,1,3,4,2,2,954,3,318,1,1,0,10,4,2,4
1,1,3,1,5,1,1,1,1,4,2,2,600,2,300,2,1,5,10,4,2,6
1,1,3,1,1,1,1,1,1,4,2,2,1038,2,519,2,1,5,10,4,2,3
1,1,3,1,1,1,1,1,3,4,2,2,1904,4,476,1,1,5,10,5,2,4
2,1,3,1,1,1,1,1,3,4,2,1,900,3,300,1,1,5,10,4,2,3
1,1,3,1,1,1,1,2,3,4,2,2,2691,4,673,2,1,5,10,4,2,2
2,1,3,1,0,1,1,1,3,4,2,2,954,3,318,2,1,5,10,5,2,3
1,1,1,1,5,1,1,1,3,2,2,2,350,1,350,2,1,5,10,2,2,6
1,1,1,1,2,1,3,1,1,4,2,2,720,2,360,1,1,5,10,2,2,6
2,1,3,1,2,2,1,4,3,4,2,2,1121,2,561,2,1,5,10,2,2,2
2,1,3,1,1,1,1,1,3,4,2,2,954,4,239,2,1,5,10,4,2,3
2,1,3,1,2,1,1,1,3,4,2,2,1080,2,540,2,1,5,10,2,2,2
2,1,3,1,1,1,1,2,3,4,2,2,1158,4,290,1,1,5,10,4,2,5
2,1,3,1,1,1,1,4,3,4,2,2,1033,3,344,2,1,5,10,2,2,4
2,1,3,1,1,2,1,1,2,4,2,2,1886,5,377,1,2,5,10,4,2,4
1,1,3,1,1,1,1,1,3,4,2,2,560,3,187,2,1,5,10,6,2,4
1,1,1,1,1,1,1,2,3,4,2,2,1682,2,841,2,1,5,9,4,1,1
2,1,3,1,1,1,2,2,1,4,2,2,954,3,318,1,1,5,10,6,2,4
2,1,1,1,4,2,2,4,3,4,2,2,1641,4,410,1,1,5,10,2,2,3
1,1,3,1,4,1,1,2,3,4,2,2,1154,3,385,2,2,5,10,5,2,3
1,1,3,1,1,1,1,2,3,4,2,2,900,3,300,1,1,5,10,4,2,4
1,1,1,1,1,1,1,3,3,2,2,2,926,4,232,1,1,5,10,4,2,5
2,1,3,1,0,2,1,1,3,4,2,2,1500,2,750,2,1,5,9,4,2,3
2,1,1,1,1,1,1,4,3,4,2,2,1700,3,567,2,1,5,10,2,2,3
2,1,1,1,1,1,1,1,1,4,2,2,1530,4,383,2,1,5,10,5,2,2
1,1,1,1,2,1,1,1,1,4,2,2,2600,3,867,2,1,5,9,4,2,3
1,1,3,1,4,1,1,4,3,2,2,2,954,2,477,2,1,5,10,4,2,3
1,1,3,1,1,2,2,1,3,4,2,2,1337,5,267,2,1,5,10,2,2,4
2,1,3,1,1,1,1,4,3,4,2,2,1196,5,239,2,1,5,10,4,2,2
2,1,1,1,1,1,1,1,3,4,2,2,1341,4,335,1,1,5,10,5,2,3
1,1,1,1,3,2,1,1,3,4,2,2,1071,3,357,1,1,5,10,5,2,5
1,1,3,1,1,1,1,1,3,4,2,2,1679,4,420,1,1,5,10,4,2,4
1,1,1,1,1,1,1,1,3,4,2,2,2637,3,879,2,1,5,9,4,1,1
1,1,1,1,5,1,1,4,3,1,2,2,1800,2,900,2,1,5,9,2,2,4
1,1,3,1,1,1,1,2,1,4,2,2,1098,4,275,2,1,5,10,5,2,2
1,1,3,1,1,1,1,2,3,4,2,2,1072,4,268,2,1,5,10,4,2,3
1,1,3,1,4,1,1,2,3,2,2,2,4808,6,801,2,1,1,9,4,2,2
2,1,3,1,4,2,1,1,3,4,2,2,970,4,243,2,1,5,10,5,2,5
2,1,3,1,1,1,1,4,3,4,2,2,999,2,500,1,1,5,10,4,2,3
2,1,3,1,1,1,1,2,3,4,2,2,2051,4,513,1,1,5,10,4,2,3
2,1,3,1,1,2,1,4,3,4,2,2,3250,4,813,1,2,5,9,4,2,4
2,1,3,1,1,1,1,1,3,4,2,2,3360,5,672,1,1,5,10,4,2,3
2,1,3,1,5,2,2,1,3,4,2,2,901,8,113,1,1,5,10,0,2,6
1,1,3,1,1,1,1,4,3,4,2,2,1304,4,326,2,1,5,10,5,2,4
2,1,3,1,1,1,1,1,3,4,2,2,1803,5,361,1,2,5,10,4,2,3
2,1,3,1,1,1,1,1,1,4,2,2,2014,5,403,1,1,5,10,4,2,2
2,1,3,1,1,2,1,1,3,2,2,2,1039,3,346,1,1,5,10,5,2,4
2,1,1,1,1,1,1,1,3,4,2,2,2624,5,525,2,1,5,10,4,2,3
2,1,3,1,1,1,1,1,3,4,2,2,5386,4,1347,2,1,5,9,4,2,2
1,1,3,1,4,2,2,1,3,4,2,1,1200,3,400,2,1,5,10,5,2,4
1,1,3,1,1,1,1,1,3,1,2,2,700,3,233,1,1,5,10,4,2,3
2,1,3,1,1,1,1,1,3,4,2,2,3068,4,767,2,1,5,9,5,2,2
1,1,3,1,1,1,1,1,3,4,2,2,2410,4,603,2,1,5,10,4,1,1
2,1,1,1,1,1,1,2,3,4,2,2,1154,5,231,2,2,5,10,5,2,3
2,1,3,1,2,1,1,1,3,4,2,2,400,2,200,2,1,5,10,2,2,5
2,1,1,1,1,1,1,2,3,4,2,2,1138,3,379,2,1,5,10,5,2,2
1,1,3,1,1,1,1,1,3,4,2,2,954,3,318,2,1,5,10,6,2,2
1,1,1,1,1,1,1,2,3,4,2,2,1257,2,629,2,1,5,10,4,2,2
1,1,3,1,1,2,2,1,1,4,2,2,1065,4,266,1,2,5,10,5,2,6
1,1,1,1,4,2,2,2,3,4,2,1,1422,2,711,2,1,5,9,4,2,4
1,1,3,1,1,1,1,1,3,4,2,2,3000,4,750,1,1,5,9,4,2,2
1,1,3,1,1,1,1,1,3,4,2,2,1908,3,636,2,1,5,10,4,2,2
1,1,3,1,1,2,1,4,3,4,2,2,1085,4,271,1,1,5,10,6,2,4
1,1,3,1,4,1,1,1,3,4,2,2,2000,5,400,2,1,5,10,4,2,6
1,1,1,1,1,1,1,1,3,4,2,2,1602,3,534,1,1,5,10,6,2,2
2,1,3,1,1,1,2,1,3,4,2,2,600,3,200,2,1,5,10,5,2,3
2,1,3,1,1,1,1,1,1,4,2,2,528,3,176,2,1,5,10,5,2,5
2,1,3,1,1,1,1,1,3,2,2,2,3108,5,622,2,1,5,10,5,1,1
2,1,1,1,5,2,1,2,3,4,2,2,2357,3,786,2,1,5,9,6,2,3
2,1,1,1,1,1,1,2,3,4,2,2,954,3,318,1,1,5,10,5,2,4
2,1,3,1,1,1,3,1,3,4,2,2,1943,4,486,2,1,5,10,3,2,2
2,1,3,1,1,1,1,4,3,4,2,2,1015,4,254,2,1,5,10,4,2,4
1,1,3,1,4,2,1,0,3,4,2,2,5371,4,1343,2,1,5,9,2,2,2
1,1,3,1,1,1,1,1,3,4,2,2,1939,4,485,1,1,5,10,5,2,5
2,1,3,1,4,1,1,1,3,4,2,2,1908,5,382,2,1,5,10,5,2,3
1,1,3,1,1,2,1,4,3,4,2,2,2234,4,559,2,1,5,10,4,2,2
1,1,1,1,1,1,1,1,3,4,2,2,84,4,21,1,1,5,10,2,2,4
1,1,1,1,1,1,1,1,3,4,2,2,6065,5,1213,2,2,5,9,4,1,2
2,1,3,1,1,2,1,1,1,1,2,2,5019,4,1255,1,1,5,9,2,2,4
2,1,3,1,1,1,1,1,3,4,2,2,2543,5,509,2,1,5,10,4,2,4
2,1,3,1,1,1,1,1,3,4,2,2,1929,4,482,2,1,5,10,5,1,2
2,1,3,1,1,1,1,1,3,4,2,2,4026,4,1007,2,1,5,9,5,1,1
2,1,3,1,3,1,1,4,3,4,2,2,446,1,446,2,1,5,10,2,2,3
1,1,3,1,3,1,1,2,3,4,2,2,582,1,582,2,1,5,10,2,2,5
1,1,3,1,1,1,1,1,3,4,2,2,1122,5,224,2,1,5,10,4,2,3
2,1,3,1,1,1,1,2,3,4,2,2,1300,4,325,1,1,5,10,4,2,3
2,1,3,1,1,1,1,2,3,4,2,2,658,3,219,2,1,5,10,5,2,5
1,1,3,1,1,1,0,2,3,4,2,2,600,3,200,2,1,5,10,5,2,4
1,1,3,1,1,1,1,3,1,4,2,2,1500,3,500,1,2,5,10,5,2,3
1,1,3,1,1,2,1,4,3,4,2,2,3584,4,896,2,2,5,9,1,2,2
1,1,3,1,1,1,1,1,3,4,2,2,1450,2,725,2,1,5,9,4,2,2
1,1,3,1,1,1,1,1,3,4,2,2,1051,4,263,1,1,0,10,4,2,5
1,1,1,1,1,1,1,1,3,4,2,2,1000,4,250,2,1,5,10,4,2,3
1,1,3,1,5,2,2,1,3,4,2,2,4172,4,1043,2,1,0,9,0,2,4
2,1,3,1,5,2,1,1,1,4,2,2,2100,3,700,2,1,0,10,0,2,4
1,1,3,1,1,1,1,1,3,4,2,2,971,4,243,2,1,5,10,4,2,4
2,1,3,1,1,1,1,1,3,4,2,2,1529,3,510,2,1,5,10,4,2,2
2,1,3,1,1,1,1,1,3,1,2,2,5688,4,1422,2,1,5,9,1,1,1
1,1,3,1,1,1,1,1,3,4,2,2,1000,2,500,1,1,5,10,5,2,5
1,1,3,1,1,1,1,1,1,2,2,2,1843,4,461,2,1,5,10,5,2,4
1,1,3,1,4,2,3,1,3,4,2,2,1550,3,517,1,1,5,10,5,2,5
1,1,1,1,1,1,1,1,3,4,2,2,1643,8,205,2,1,5,10,5,2,5
2,1,3,1,1,1,1,1,3,4,2,2,1827,6,305,2,1,5,10,2,2,3
2,1,3,1,3,1,1,1,3,4,2,2,600,1,600,2,1,1,10,2,2,4
2,1,3,1,1,1,1,1,3,4,2,2,1749,4,437,2,1,5,10,4,2,3
2,1,3,1,1,1,3,1,3,3,2,2,1050,2,525,2,1,5,10,5,2,4
2,1,3,1,1,1,1,4,3,4,2,2,1009,3,336,2,1,5,10,4,2,3
2,1,3,1,1,1,1,1,3,4,2,2,2000,4,500,2,1,5,10,4,1,2
2,1,3,1,1,1,1,1,3,4,2,2,950,3,317,2,1,5,10,1,2,2
2,1,3,1,1,1,1,2,3,4,2,2,500,2,250,2,1,5,10,4,2,5
2,1,1,1,1,1,1,3,3,1,2,2,1035,4,259,1,1,5,10,4,2,3
2,1,3,1,1,1,1,2,3,4,2,2,1381,3,460,2,1,5,10,5,2,2
2,1,3,1,1,1,1,4,3,4,2,2,954,3,318,2,2,5,10,5,2,3
1,1,1,1,1,1,1,1,3,1,2,2,1064,3,355,2,1,5,10,5,2,3
2,1,3,1,1,1,1,1,3,4,2,2,1269,3,423,2,1,5,10,2,2,3
1,1,1,1,1,1,1,1,3,4,2,2,954,4,239,1,1,5,10,5,2,4
2,1,3,1,1,1,2,2,3,4,2,2,970,3,323,2,1,5,10,5,2,3
2,1,3,1,1,1,3,1,3,4,2,2,1479,4,370,1,1,5,10,5,2,3
2,1,3,1,1,1,1,1,1,4,2,2,6519,5,1304,2,1,5,9,1,2,2
2,1,3,1,1,1,1,1,3,4,2,2,1004,2,502,1,1,5,10,4,2,3
2,1,3,1,2,1,1,1,3,4,2,2,600,3,200,1,1,5,10,2,2,3
2,1,3,1,1,1,1,1,1,4,2,2,1100,2,550,1,1,5,10,4,2,4
1,1,3,1,1,1,0,1,3,4,2,2,1350,3,450,2,1,5,10,4,2,2
2,1,3,1,1,1,1,1,3,4,2,2,5649,4,1412,2,1,5,9,2,2,1
2,1,3,1,1,2,1,4,3,4,2,2,1239,3,413,2,1,5,10,2,1,2
2,1,1,1,1,1,1,2,3,4,2,2,4542,4,1136,2,2,5,9,4,1,2
1,1,1,1,1,1,1,1,3,4,2,2,3389,5,678,1,1,5,10,4,2,2
1,1,3,1,4,1,1,4,3,4,2,2,900,3,300,2,1,0,10,0,2,4
2,1,1,1,1,2,1,4,3,4,2,2,2240,4,560,2,1,5,10,4,2,2
2,1,3,1,0,1,3,1,3,4,2,2,954,2,477,1,2,0,10,5,2,4
2,1,3,1,1,1,1,4,3,4,2,2,3208,5,642,1,2,5,10,4,2,4
2,1,3,1,1,1,1,1,3,4,2,2,350,3,117,1,1,5,10,4,2,4
1,1,1,1,1,1,1,1,3,4,2,2,970,2,485,2,1,5,10,4,2,2
1,1,3,1,1,1,1,1,3,4,2,2,5588,4,1397,2,2,5,9,2,2,2
2,1,3,1,1,1,1,1,3,4,2,2,1100,2,550,2,1,5,10,4,2,2
1,1,1,1,1,1,1,2,3,4,2,2,954,3,318,1,1,5,10,4,1,2
2,1,1,1,1,1,1,4,3,1,2,2,8269,4,2067,2,2,5,9,2,1,1
2,1,3,1,1,1,1,1,3,1,2,2,1200,2,600,2,1,5,10,4,1,1
2,1,1,1,1,1,1,2,1,4,2,2,1000,3,333,2,1,5,10,4,2,1
2,1,3,1,0,2,1,1,3,4,2,2,3532.00,4,883.00,2,1,5,9.37,0,2,1
2,1,1,1,1,1,1,2,1,4,2,2,1000.00,3,333.33,2,1,5,9.76,4,2,1
1,1,1,1,1,1,1,1,3,4,2,2,640.00,2,320.00,2,1,5,9.77,0,2,2
2,1,1,1,1,1,1,1,3,1,2,2,2890.00,3,963.33,2,2,1,9.31,0,1,2
1,1,1,1,1,1,1,1,3,1,2,2,2000.00,4,500.00,2,1,5,9.64,0,1,2
1,1,3,1,1,2,1,1,2,2,2,2,3677.00,4,919.25,2,1,5,9.35,0,1,2
1,1,3,1,1,1,1,1,1,4,2,2,1994.00,3,664.67,2,1,5,9.53,0,2,2
1,1,3,1,1,1,1,1,3,4,2,2,1757.00,3,585.67,2,2,5,9.58,0,2,2
1,1,3,1,3,1,1,2,3,4,2,2,998.00,1,998.00,2,1,5,9.29,0,2,2
1,1,3,1,1,1,1,1,3,4,2,2,1575.00,2,787.50,2,1,5,9.44,0,2,2
1,1,3,1,1,1,1,4,3,4,2,2,2833.00,6,472.17,2,2,5,9.66,0,2,2
2,1,3,1,1,1,1,4,3,4,2,2,1514.00,4,378.50,2,1,5,9.73,0,2,2
2,1,3,1,1,1,1,1,3,4,2,2,1467.00,3,489.00,2,1,5,9.65,0,2,2
1,1,3,1,1,1,1,1,3,4,2,2,1703.00,3,567.67,2,1,5,9.60,0,2,2
2,1,1,1,1,1,1,3,3,1,2,2,3332.00,4,833.00,2,2,5,9.41,2,1,2
2,1,1,1,1,1,1,3,3,1,2,2,3332.00,4,833.00,2,2,5,9.41,2,1,2
2,1,3,1,4,1,1,2,3,4,2,2,3200.00,2,1600.00,2,1,5,8.86,2,2,2
2,1,3,1,1,1,1,2,3,4,2,2,1643.00,3,547.67,2,1,5,9.61,4,2,2
1,1,1,1,1,1,1,1,3,4,2,2,1100.00,2,550.00,2,1,5,9.61,4,2,2
1,1,3,1,1,1,1,1,1,4,2,2,1908.00,3,636.00,2,1,5,9.55,6,2,2
2,1,3,1,1,1,1,1,3,4,2,2,1152.00,4,288.00,2,1,5,9.80,4,2,2
1,1,3,1,1,1,1,1,3,4,2,2,1359.00,2,679.50,2,1,5,9.52,2,1,2
1,1,3,1,2,1,1,1,3,4,2,2,1543.00,4,385.75,2,1,5,9.73,2,2,2
2,1,3,1,1,2,1,1,3,1,2,2,2100.00,3,700.00,2,1,5,9.50,4,2,2
2,1,3,1,1,1,1,4,3,4,2,2,2198.00,2,1099.00,2,1,5,9.22,0,2,3
2,1,3,1,1,1,1,1,3,4,2,2,2921.00,4,730.25,2,1,5,9.48,0,2,3
2,1,3,1,4,2,1,4,3,4,2,2,1030.00,3,343.33,2,1,5,9.76,0,2,3
1,1,3,1,1,1,1,0,3,4,2,2,1652.00,4,413.00,2,1,1,9.71,0,2,3
2,1,3,1,1,1,1,1,3,4,2,2,998.00,2,499.00,2,1,5,9.64,0,2,3
2,1,1,1,1,1,1,2,3,4,2,2,500.00,2,250.00,2,1,1,9.82,0,2,3
2,1,3,1,1,1,1,1,3,4,2,2,1582.00,4,395.50,2,2,5,9.72,0,1,3
1,1,1,1,4,2,1,1,1,4,2,2,2743.00,3,914.33,2,1,5,9.35,0,2,3
2,1,3,1,1,1,1,4,3,4,2,2,3417.00,5,683.40,2,2,5,9.51,0,2,3
1,1,3,1,1,2,1,1,2,4,2,2,2271.00,4,567.75,2,1,5,9.60,0,2,3
1,1,3,1,1,1,1,1,3,4,2,2,3379.00,4,844.75,2,2,5,9.40,0,2,3
2,1,3,1,1,1,1,4,3,4,2,2,1000.00,3,333.33,2,1,5,9.76,0,2,3
1,1,3,1,1,2,2,1,3,4,2,2,3254.00,5,650.80,2,1,5,9.54,0,2,3
2,1,3,1,1,1,3,4,3,4,2,2,1209.00,5,241.80,2,2,5,9.83,0,2,3
2,1,3,1,1,2,2,1,3,4,2,2,1861.00,4,465.25,2,1,5,9.67,0,2,3
1,1,3,1,1,1,1,2,3,4,2,2,954.00,2,477.00,2,1,5,9.66,5,2,3
1,1,3,1,1,1,1,1,3,4,2,2,954.00,3,318.00,2,1,5,9.77,5,2,3
1,1,3,1,1,1,1,2,3,4,2,2,1000.00,3,333.33,1,1,5,9.76,4,2,3
2,1,3,1,1,1,1,1,3,1,2,2,1360.00,4,340.00,2,1,1,9.76,5,2,3
1,1,1,1,1,1,1,1,3,4,2,2,954.00,2,477.00,2,1,5,9.66,4,2,3
2,1,3,1,1,1,1,1,3,4,2,2,954.00,2,477.00,1,1,5,9.66,5,2,3
2,1,1,1,2,1,1,2,1,4,2,2,2240.00,3,746.67,1,1,5,9.47,4,2,3
1,1,3,1,1,1,1,4,3,4,2,2,1576.00,3,525.33,2,1,5,9.63,5,2,3
1,1,1,1,1,1,1,1,3,4,2,2,1340.00,3,446.67,2,1,5,9.68,4,2,3
2,1,3,1,1,2,1,0,3,4,2,2,1624.00,4,406.00,2,2,5,9.71,4,2,3
1,1,1,1,1,1,1,1,3,4,2,2,1908.00,4,477.00,2,1,5,9.66,5,2,3
1,1,3,1,1,2,1,2,3,4,2,2,1000.00,3,333.33,1,1,5,9.76,5,2,3
1,1,3,1,1,2,1,2,3,4,2,2,931.00,4,232.75,2,1,5,9.83,5,2,3
2,1,3,1,1,1,1,4,3,4,2,2,1075.00,3,358.33,2,1,5,9.75,4,2,3
2,1,3,1,1,1,1,2,1,4,2,2,2142.00,4,535.50,2,1,5,9.62,4,2,3
2,1,3,1,1,1,1,4,3,4,2,2,4822.00,5,964.40,2,2,5,9.31,0,2,4
1,1,3,1,1,1,1,1,3,4,2,2,1169.00,5,233.80,2,1,1,9.83,0,2,4
2,1,3,1,5,2,0,4,3,4,2,2,2631.00,3,877.00,2,1,5,9.38,0,2,4
1,1,3,1,4,2,1,4,3,4,2,2,1531.00,4,382.75,2,1,5,9.73,0,2,4
1,1,3,1,5,2,1,1,3,2,2,2,1185.00,4,296.25,2,1,5,9.79,0,1,4
2,1,3,1,1,1,1,4,3,4,2,2,2000.00,6,333.33,2,1,5,9.76,0,2,4
1,1,3,1,4,1,1,1,3,4,2,2,998.00,2,499.00,2,1,5,9.64,0,2,4
2,1,3,1,0,1,1,4,3,4,2,2,2207.00,2,1103.50,2,1,5,9.21,0,2,4
2,1,3,1,5,2,1,1,3,4,2,2,2146.00,4,536.50,2,1,5,9.62,0,2,4
1,1,3,1,1,1,1,1,3,4,2,2,750.00,2,375.00,2,1,5,9.73,0,2,4
1,1,3,1,1,1,1,1,3,4,2,2,2090.00,5,418.00,2,1,5,9.70,0,2,4
1,1,3,1,5,2,1,1,3,4,2,2,1345.00,4,336.25,2,1,1,9.76,4,2,4
1,1,3,1,1,1,1,4,3,4,2,2,1478.00,6,246.33,2,1,1,9.82,4,2,4
2,1,3,1,4,1,1,1,1,4,2,2,1154.00,3,384.67,1,1,5,9.73,6,2,4
2,1,3,1,1,1,1,1,1,2,2,2,1908.00,3,636.00,2,1,5,9.55,5,2,4
2,1,3,1,1,1,1,2,1,4,2,2,1372.00,3,457.33,2,1,5,9.67,4,2,4
2,1,3,1,4,1,1,1,3,4,2,2,954.00,3,318.00,2,1,5,9.77,6,2,4
2,1,3,1,2,1,1,3,3,4,2,2,1255.00,4,313.75,1,1,5,9.78,2,2,4
1,1,3,1,0,1,3,1,3,4,2,2,400.00,2,200.00,2,1,5,9.86,2,2,4
2,1,1,1,1,1,1,4,3,4,2,2,2013.00,2,1006.50,1,2,5,9.28,5,2,4
2,1,3,1,1,1,1,1,3,4,2,2,600.00,2,300.00,2,1,0,9.79,4,2,4
1,1,3,1,1,1,3,1,3,4,2,2,954.00,4,238.50,2,2,5,9.83,5,2,4
2,1,1,1,2,2,2,1,3,4,2,2,300.00,2,150.00,2,1,4,9.89,0,1,5
1,1,1,1,1,1,1,4,3,4,2,2,1182.00,4,295.50,2,1,5,9.79,0,1,5
2,1,3,1,1,1,1,1,3,4,2,2,937.00,4,234.25,2,1,5,9.83,0,2,5
1,1,3,1,4,1,1,1,3,3,2,2,250.00,1,250.00,2,1,5,9.82,0,2,5
1,1,3,1,1,1,1,1,3,4,2,2,998.00,1,998.00,2,1,5,9.29,0,2,5
1,1,3,1,3,1,1,1,1,4,2,2,450.00,1,450.00,2,1,5,9.68,0,2,5
2,1,1,1,4,2,1,1,3,4,2,2,1089.00,3,363.00,2,1,5,9.74,0,2,5
1,1,3,1,1,2,3,1,3,4,2,2,2670.00,4,667.50,2,2,4,9.53,0,2,5
1,1,3,1,1,2,2,1,3,4,2,2,335.00,4,83.75,2,1,5,9.94,0,2,5
1,1,3,1,2,2,2,1,3,3,2,2,300.00,2,150.00,2,1,4,9.89,0,1,5
2,1,1,1,2,1,1,3,3,4,2,2,625.00,3,208.33,2,1,5,9.85,2,2,5
2,1,3,1,2,2,2,1,3,4,2,2,800.00,2,400.00,1,1,5,9.72,5,2,5
2,1,3,1,4,1,1,1,3,4,2,2,1404.00,3,468.00,2,1,5,9.67,6,2,5
2,1,3,1,1,1,1,1,3,4,2,2,1050.00,4,262.50,2,1,5,9.81,4,2,5
1,1,1,1,3,1,1,1,3,3,2,2,150.00,1,150.00,2,1,5,9.89,2,2,5
1,1,3,1,1,1,2,2,1,4,2,2,1000.00,2,500.00,2,1,5,9.64,5,2,5
2,1,3,1,1,2,1,1,3,4,2,2,694.00,4,173.50,1,1,5,9.88,5,2,5
1,1,3,1,1,1,1,1,3,4,2,2,450.00,4,112.50,1,1,5,9.92,5,2,5
2,1,3,1,3,1,1,2,3,4,2,2,277.00,1,277.00,2,1,5,9.80,2,2,5
1,1,3,1,1,2,1,2,3,4,2,2,1741.00,4,435.25,2,1,5,9.69,5,2,5
1,1,3,1,1,1,1,1,3,4,2,2,748.00,3,249.33,2,1,5,9.82,0,2,6
2,1,3,1,0,1,1,1,1,4,2,2,400.00,3,133.33,2,1,5,9.91,0,2,6
2,1,3,1,1,2,1,1,3,4,2,2,374.00,4,93.50,2,1,5,9.93,0,1,6
1,1,3,1,1,1,1,1,3,4,2,2,1188.00,7,169.71,2,1,1,9.88,0,2,6
1,1,0,1,1,2,1,4,3,4,2,2,998.00,3,332.67,2,1,5,9.76,0,1,6
1,1,3,1,1,1,1,4,3,4,2,2,1135.00,3,378.33,2,1,5,9.73,0,2,6
2,1,3,1,1,1,1,1,1,4,2,2,878.00,4,219.50,2,1,0,9.84,0,2,6
1,1,3,1,5,2,1,1,3,4,2,2,1087.00,4,271.75,2,1,5,9.81,0,2,6
2,1,1,1,1,1,1,2,3,4,2,2,630.00,3,210.00,2,1,5,9.85,0,2,6
1,1,3,1,4,2,1,4,3,4,2,2,1483.00,4,370.75,2,1,5,9.74,0,2,6
2,1,3,1,1,2,0,1,3,3,2,2,858.00,5,171.60,2,1,5,9.88,0,2,6
2,1,3,1,1,1,1,2,3,4,2,2,430.00,3,143.33,2,1,5,9.90,0,2,6
2,1,3,1,2,1,1,1,3,4,2,2,460.00,3,153.33,2,1,5,9.89,0,2,6
2,1,3,1,0,1,2,1,3,4,2,2,450.00,2,225.00,2,1,5,9.84,0,2,6
2,1,3,1,1,1,1,1,3,4,2,2,932.00,4,233.00,1,1,5,9.83,5,2,6
1,1,1,1,3,2,1,1,3,4,2,2,150.00,1,150.00,2,1,5,9.89,2,2,6
2,1,3,1,1,2,1,2,3,4,2,2,331.00,2,165.50,1,1,5,9.88,4,2,6
2,1,3,1,1,1,1,1,1,4,2,2,954.00,3,318.00,1,1,5,9.77,4,2,6
2,1,3,1,1,1,1,0,3,4,2,2,385.00,2,192.50,1,1,5,9.86,5,2,6
1,1,3,1,1,1,1,1,3,2,2,2,320.00,2,160.00,2,1,5,9.89,4,2,6
2,1,1,1,1,1,1,1,3,4,2,2,2362.00,3,787.33,2,1,5,9.44,4,2,6
2,1,3,1,1,1,1,1,3,4,2,2,360.00,3,120.00,2,1,0,9.91,5,2,6
2,1,3,1,1,1,1,4,3,4,2,2,954.00,2,477.00,1,2,0,9.66,5,2,6
2,1,3,1,1,1,1,4,3,4,2,2,1226.00,6,204.33,1,1,5,9.85,4,2,6
2,1,3,1,1,1,1,1,3,2,2,2,818.00,4,204.50,2,1,5,9.85,2,2,6
2,1,3,1,2,1,3,4,1,4,2,2,720.00,2,360.00,1,1,5,9.74,2,2,6
1,1,3,1,1,1,3,1,1,4,2,2,1257.00,2,628.50,1,1,4,9.55,2,2,6
2,1,3,1,1,1,1,2,3,2,2,2,1012.00,7,144.57,1,1,5,9.90,5,2,6
2,1,3,1,1,1,1,4,3,4,2,2,620.00,6,103.33,2,1,5,9.93,0,2,7
2,1,3,1,1,1,1,2,3,4,2,2,137.00,3,45.67,2,1,0,9.97,0,2,7
2,1,1,1,1,1,1,0,3,4,2,2,530.00,4,132.50,2,1,3,9.91,4,2,7
1,1,3,1,1,2,2,1,3,4,2,2,3234.45,5,646.89,2,1,0,9.54,0,2,8
2,1,3,1,3,2,2,1,1,4,2,2,610.00,4,152.50,2,1,5,9.89,4,2,9
1,1,3,1,0,2,1,1,3,4,2,2,3216.00,4,804.00,1,2,5,9.43,0,2,10