2,1,3,1,0,2,1,1,3,4,2,2,"3.532,00",4,"883,00",2,1,5,"9,37",0,2,1
1,1,3,1,4,2,2,1,1,4,2,2,"420,00",3,"140,00",2,1,5,"9,90",0,2,8
2,1,3,1,2,1,1,1,3,4,2,2,"439,00",2,"219,50",2,1,5,"9,84",0,2,8
2,1,3,1,3,1,1,1,3,4,2,2,"998,00",1,"998,00",2,1,5,"9,29",0,2,2
2,1,3,1,1,1,0,1,3,4,2,2,"1.996,00",4,"499,00",2,1,5,"9,64",0,1,2
2,1,1,1,1,1,1,4,3,4,2,2,"1.703,00",3,"567,67",2,1,5,"9,60",0,2,2
2,1,1,1,1,1,1,1,3,4,2,2,"1.094,00",3,"364,67",2,1,5,"9,74",0,2,3
1,1,3,1,1,1,1,2,3,4,2,2,"2.939,00",4,"734,75",2,2,5,"9,48",0,2,2
1,1,3,1,1,1,1,1,3,4,2,2,"1.314,00",2,"657,00",2,1,5,"9,53",0,2,2
1,1,1,1,1,1,1,2,3,4,2,2,"4.764,00",4,"1.191,00",2,1,5,"9,15",0,1,2
1,1,3,1,1,1,1,4,3,4,2,2,"1.020,00",2,"510,00",2,1,5,"9,64",0,2,3
1,1,1,1,1,2,1,1,3,4,2,2,"800,00",3,"266,67",2,1,5,"9,81",0,2,5
1,1,3,1,1,1,1,1,3,4,2,2,"1.260,00",3,"420,00",2,1,5,"9,70",0,2,3
2,1,3,1,1,1,1,1,3,4,2,2,"2.228,00",3,"742,67",2,1,5,"9,47",0,2,3
2,1,3,1,1,1,1,1,3,1,2,2,"1.041,00",2,"520,50",2,1,5,"9,63",0,2,5
1,1,3,1,1,1,1,1,3,4,2,2,"1.353,00",4,"338,25",2,1,5,"9,76",0,2,2
1,1,3,1,5,2,1,4,3,4,2,2,"1.087,00",6,"181,17",2,1,5,"9,87",0,2,8
2,1,3,1,1,1,1,1,3,4,2,2,"998,00",3,"332,67",2,1,5,"9,76",0,1,3
2,1,3,1,3,2,2,1,3,4,2,2,"1.720,00",1,"1.720,00",2,2,4,"8,78",0,2,2
1,1,3,1,5,2,1,4,1,4,2,2,"7.794,00",3,"2.598,00",2,1,5,"8,15",0,2,3
2,1,3,1,2,1,1,1,3,4,2,2,"439,00",2,"219,50",2,1,5,"9,84",0,2,8
2,1,3,1,1,1,1,1,3,4,2,2,"600,00",3,"200,00",2,1,5,"9,86",0,1,6
2,1,3,1,1,1,1,1,3,4,2,2,"998,00",7,"142,57",1,1,1,"9,90",5,2,9
1,1,3,1,5,2,1,1,3,4,2,2,"1.087,00",4,"271,75",1,1,3,"9,81",5,2,9
2,1,3,1,5,2,2,1,3,4,2,2,"480,00",3,"160,00",2,1,0,"9,89",0,2,9
1,1,1,1,1,2,1,1,3,4,2,2,"300,00",3,"100,00",1,1,0,"9,93",0,2,9
2,1,3,1,0,1,1,1,1,4,2,2,"491,00",3,"163,67",1,1,0,"9,88",0,2,8
1,1,1,1,1,1,1,0,1,4,2,2,"550,00",4,"137,50",1,1,5,"9,90",4,2,8
1,1,3,1,1,1,1,1,3,4,2,2,"450,00",4,"112,50",1,1,1,"9,92",5,2,7
2,1,3,1,1,1,1,1,3,4,2,2,"1.704,00",7,"243,43",1,2,3,"9,83",5,2,7
2,1,3,1,0,2,1,1,3,4,2,2,"2.085,00",5,"417,00",1,2,2,"9,70",5,2,7
2,1,3,1,1,2,2,1,3,4,2,2,"492,00",7,"70,29",1,1,0,"9,95",5,2,7
1,1,3,1,1,1,1,2,3,4,2,2,"857,00",4,"214,25",2,1,1,"9,85",4,2,7
1,1,1,1,5,2,2,1,3,4,2,2,"650,00",2,"325,00",2,1,0,"9,77",0,2,7
1,1,3,1,3,1,1,1,3,4,2,2,"400,00",1,"400,00",2,1,3,"9,72",4,2,7
2,1,3,1,1,2,2,1,3,3,2,2,"1.024,00",5,"204,80",1,1,3,"9,85",5,2,7
2,1,3,1,1,2,2,1,3,3,2,2,"1.024,50",5,"204,90",1,1,0,"9,85",0,2,7
1,1,3,1,4,2,1,4,3,4,2,2,"1.483,00",4,"370,75",1,1,5,"9,74",4,2,7
2,1,3,1,1,2,2,1,3,3,2,2,"688,00",4,"172,00",2,1,0,"9,88",5,2,7
1,1,3,1,1,1,1,4,3,4,2,2,"1.239,60",2,"619,80",1,1,0,"9,56",4,2,7
2,1,3,1,2,1,1,1,1,3,2,2,"1.227,00",2,"613,50",2,1,0,"9,56",0,2,7
2,1,1,1,1,1,1,1,3,4,2,2,"200,00",2,"100,00",1,1,5,"9,93",4,2,6
1,1,3,1,1,1,1,1,3,4,2,2,"608,00",4,"152,00",1,1,0,"9,89",0,2,6
2,1,3,1,1,1,1,1,3,4,2,2,"1.537,00",3,"512,33",2,1,0,"9,64",5,2,6
2,1,1,1,4,1,1,0,3,4,2,2,"500,00",3,"166,67",1,1,0,"9,88",0,2,6
2,1,3,1,1,1,1,1,3,4,2,2,"700,00",4,"175,00",2,1,3,"9,88",5,2,6
1,1,3,1,1,2,1,2,3,4,2,2,"400,00",2,"200,00",1,1,0,"9,86",0,2,6
1,1,3,1,1,1,1,2,3,4,2,2,"869,00",4,"217,25",1,1,3,"9,85",4,2,6
2,1,3,1,1,1,1,1,3,4,2,2,"998,00",4,"249,50",2,1,2,"9,82",4,2,6
2,1,3,1,1,1,1,3,3,4,2,2,"998,00",4,"249,50",1,1,1,"9,82",4,2,6
2,1,1,1,1,1,1,2,2,4,2,2,"1.020,00",4,"255,00",2,1,1,"9,82",4,2,6
1,1,3,1,1,1,1,1,3,4,2,2,"1.200,00",4,"300,00",2,1,5,"9,79",5,2,6
1,1,3,1,1,1,1,2,3,4,2,2,"990,00",3,"330,00",2,2,0,"9,77",0,2,6
2,1,3,1,1,1,1,1,3,4,2,2,"998,00",3,"332,67",1,1,2,"9,76",5,2,6
2,1,3,1,1,1,1,1,3,4,2,2,"998,00",3,"332,67",1,1,0,"9,76",0,2,6
1,1,3,1,1,1,1,1,3,4,2,2,"1.502,00",4,"375,50",2,1,2,"9,73",5,2,6
2,1,3,1,1,1,1,1,3,4,2,1,"2.260,00",6,"376,67",2,1,2,"9,73",4,2,6
2,1,3,1,1,1,1,1,1,4,2,2,"1.683,00",4,"420,75",2,1,5,"9,70",3,2,6
2,1,3,1,1,1,1,4,3,4,2,2,"950,00",2,"475,00",2,1,2,"9,66",2,2,6
1,1,1,1,1,1,1,1,3,1,2,2,"998,00",2,"499,00",2,1,5,"9,64",5,2,6
1,1,3,1,1,1,1,4,3,4,2,2,"1.000,00",2,"500,00",1,1,5,"9,64",5,2,6
2,1,3,1,1,1,1,4,3,4,2,2,"916,00",6,"152,67",1,1,0,"9,89",0,2,6
1,1,3,1,0,2,1,1,1,2,2,2,"1.170,00",2,"585,00",1,1,0,"9,58",4,2,6
1,1,3,1,3,1,1,2,1,3,2,2,"650,00",1,"650,00",2,1,5,"9,54",2,2,6
1,1,3,1,1,1,1,1,3,2,2,2,"2.119,78",4,"529,95",2,2,0,"9,62",0,2,5
1,1,3,1,3,2,2,0,3,1,2,2,"817,00",1,"817,00",2,1,1,"9,42",2,2,6
2,1,3,1,5,2,3,4,3,4,2,2,"2.695,00",3,"898,33",1,1,1,"9,36",4,2,6
1,1,3,1,1,1,1,1,3,4,2,2,"1.350,00",4,"337,50",1,1,0,"9,76",5,2,6
1,1,1,1,1,1,1,1,3,1,2,2,"478,15",3,"159,38",2,2,0,"9,89",0,2,6
2,1,3,1,1,1,1,4,3,4,2,2,"600,00",1,"600,00",2,2,0,"9,57",0,2,6
1,1,3,1,5,2,1,1,3,2,2,1,"1.185,00",4,"296,25",1,1,3,"9,79",2,2,6
1,1,3,1,1,1,1,2,3,4,2,2,"665,00",4,"166,25",1,1,0,"9,88",0,2,6
2,1,1,1,1,2,1,1,3,4,2,2,"910,00",5,"182,00",2,1,0,"9,87",5,2,6
1,1,3,1,1,1,1,1,3,4,2,2,"998,00",2,"499,00",1,1,2,"9,64",5,2,6
1,1,1,1,1,2,1,4,2,4,2,2,"2.612,79",9,"290,31",2,1,0,"9,79",0,2,6
1,1,3,1,1,2,1,1,1,4,2,2,"1.300,00",5,"260,00",2,1,0,"9,82",0,2,5
1,1,3,1,2,2,2,1,1,2,2,2,"300,00",2,"150,00",1,1,3,"9,89",2,2,5
2,1,3,1,1,1,1,2,3,4,2,2,"998,00",3,"332,67",2,1,1,"9,76",5,2,5
1,1,3,1,1,1,1,0,3,4,2,2,"600,00",2,"300,00",2,1,1,"9,79",4,2,5
2,1,1,1,1,1,1,1,3,4,2,2,"2.655,05",3,"885,02",2,1,0,"9,37",0,2,4
1,1,3,1,1,1,1,4,3,4,2,2,"998,00",4,"249,50",2,1,5,"9,82",5,2,5
2,1,1,1,1,1,1,2,1,4,2,2,"1.669,13",4,"417,28",2,1,0,"9,70",4,2,5
1,1,1,1,1,1,1,2,1,4,2,2,"1.669,13",4,"417,28",2,1,0,"9,70",0,2,5
2,1,3,1,1,1,1,1,3,4,2,2,"600,00",2,"300,00",1,1,0,"9,79",0,2,5
2,1,3,1,2,1,1,1,3,4,2,2,"1.389,00",2,"694,50",2,1,0,"9,51",0,2,5
1,1,3,1,1,2,1,4,3,4,2,2,"1.875,00",5,"375,00",2,1,3,"9,73",2,2,5
2,1,3,1,1,1,1,4,3,4,2,2,"1.000,00",3,"333,33",2,1,5,"9,76",4,2,5
2,1,3,1,1,1,1,1,3,4,2,2,"805,00",2,"402,50",2,1,5,"9,71",4,2,5
1,1,3,1,3,2,1,0,1,4,2,2,"200,00",1,"200,00",2,1,0,"9,86",0,2,5
1,1,1,1,1,1,1,4,1,4,2,2,"1.382,40",4,"345,60",1,1,5,"9,75",0,2,5
2,1,1,1,4,2,1,1,3,4,2,2,"1.190,00",3,"396,67",2,2,3,"9,72",4,2,5
2,1,3,1,1,1,1,1,3,4,2,2,"1.693,00",5,"338,60",1,1,1,"9,76",4,2,5
3,1,1,1,2,2,1,0,3,4,2,2,"1.192,00",3,"397,33",1,2,5,"9,72",2,2,5
1,1,3,1,4,1,1,2,3,4,2,2,"2.085,00",5,"417,00",1,2,0,"9,70",0,2,5
2,1,1,1,4,1,1,1,3,4,2,2,"400,00",2,"200,00",2,1,2,"9,86",5,2,5
2,1,1,1,1,1,1,2,3,4,2,2,"1.114,00",4,"278,50",1,1,0,"9,80",0,2,5
2,1,1,1,2,1,1,1,3,1,2,2,"1.020,81",3,"340,27",2,1,0,"9,76",0,2,5
2,1,1,1,2,2,2,1,3,4,2,2,"300,00",2,"150,00",1,1,0,"9,89",0,2,4
1,1,3,1,1,2,1,1,3,4,2,2,"2.640,00",6,"440,00",2,1,2,"9,69",4,2,5
1,1,1,1,4,1,1,1,3,4,2,2,"1.286,73",6,"214,46",1,2,0,"9,85",0,2,4
2,1,1,1,1,1,1,2,3,4,2,2,"998,00",4,"249,50",2,1,0,"9,82",0,2,4
2,1,3,1,1,1,1,2,3,2,2,2,"2.200,00",5,"440,00",2,1,0,"9,69",4,2,5
2,1,3,1,1,1,1,1,3,4,2,2,"998,00",4,"249,50",2,2,5,"9,82",0,2,4
1,1,3,1,1,1,1,4,3,4,2,2,"1.258,00",2,"629,00",1,1,0,"9,55",5,2,5
1,1,3,1,1,1,1,1,3,4,2,2,"970,00",3,"323,33",1,1,0,"9,77",0,2,4
1,1,1,1,4,2,1,4,2,1,2,2,"1.783,00",2,"891,50",2,2,5,"9,37",5,2,5
1,1,1,1,3,2,1,4,3,4,2,2,"3.942,00",4,"985,50",2,1,3,"9,30",2,2,5
2,1,1,1,4,2,1,1,3,4,2,2,"1.179,00",3,"393,00",1,1,3,"9,72",5,2,4
2,1,3,1,1,1,1,2,3,1,2,2,"900,00",2,"450,00",1,1,0,"9,68",0,2,4
2,1,3,1,1,1,1,3,1,4,2,2,"1.502,52",7,"214,65",2,1,0,"9,85",0,2,4
2,1,3,1,1,1,1,1,3,4,2,2,"1.867,00",2,"933,50",2,2,2,"9,34",4,2,4
1,1,3,1,1,2,3,1,3,4,2,2,"1.996,00",3,"665,33",1,2,3,"9,53",5,2,4
2,1,3,1,1,1,1,4,3,4,2,2,"1.380,00",5,"276,00",1,1,5,"9,80",4,2,4
1,1,3,1,1,2,2,1,3,4,2,2,"4.298,00",6,"716,33",1,1,5,"9,49",2,2,4
2,1,1,1,3,1,2,1,1,4,2,2,"998,00",1,"998,00",2,1,0,"9,29",0,2,4
1,1,3,1,1,2,1,1,3,4,2,2,"1.996,00",3,"665,33",2,2,2,"9,53",4,2,4
1,1,3,1,1,1,1,2,3,4,2,2,"1.741,00",4,"435,25",1,1,1,"9,69",4,2,4
2,1,3,1,1,1,1,1,3,4,2,2,"1.380,00",3,"460,00",2,1,5,"9,67",3,2,4
2,1,1,1,5,2,1,1,3,4,2,2,"4.158,72",5,"831,74",2,1,0,"9,41",0,2,4
1,1,3,1,1,1,3,1,3,4,2,2,"989,00",3,"329,67",2,1,0,"9,77",0,2,4
2,1,1,1,1,1,1,2,3,4,2,2,"1.064,00",2,"532,00",1,1,5,"9,62",4,2,4
2,1,3,1,1,1,1,2,1,2,2,2,"998,00",3,"332,67",2,1,0,"9,76",0,2,3
2,1,1,1,1,1,1,1,1,2,2,2,"2.144,85",4,"536,21",2,1,5,"9,62",4,2,4
1,1,3,1,1,1,1,1,3,4,2,2,"2.033,33",3,"677,78",2,1,0,"9,52",4,2,4
2,1,3,1,1,1,1,2,3,4,2,2,"1.905,05",4,"476,26",2,1,0,"9,66",0,2,3
2,1,3,1,1,1,1,1,3,4,2,2,"1.392,00",3,"464,00",2,1,1,"9,67",4,2,3
2,1,1,1,1,1,1,1,1,4,2,2,"2.553,23",4,"638,31",1,1,0,"9,55",2,2,3
2,1,3,1,1,1,1,3,2,4,2,2,"2.820,00",4,"705,00",2,1,3,"9,50",4,2,3
2,1,1,1,1,1,1,0,3,4,2,2,"1.874,54",4,"468,64",2,1,0,"9,67",0,2,3
2,1,3,1,1,2,2,2,3,4,2,2,"2.411,00",4,"602,75",2,1,1,"9,57",2,2,3
1,1,3,1,1,2,1,4,3,4,2,2,"2.171,59",4,"542,90",2,1,0,"9,61",0,2,3
2,1,1,1,1,1,1,1,3,1,2,2,"1.258,00",2,"629,00",2,1,3,"9,55",2,2,3
1,1,3,1,2,1,1,1,3,4,2,2,"600,00",2,"300,00",1,1,0,"9,79",2,2,3
2,1,3,1,1,1,1,1,3,4,2,2,"1.115,30",2,"557,65",2,1,0,"9,60",4,2,3
1,1,3,1,1,1,1,1,3,4,2,2,"2.532,00",4,"633,00",2,1,1,"9,55",2,2,3
2,1,3,1,4,2,1,4,3,4,2,2,"1.135,41",3,"378,47",1,1,0,"9,73",4,2,3
1,1,1,1,1,2,1,1,1,1,2,2,"1.806,03",4,"451,51",2,1,0,"9,68",0,2,3
2,1,3,1,2,1,1,1,3,4,2,2,"1.662,00",2,"831,00",2,1,3,"9,41",4,2,3
2,1,3,1,4,2,1,1,3,4,2,2,"1.755,30",2,"877,65",2,2,0,"9,38",2,2,3
1,1,1,1,1,1,1,1,1,4,2,2,"1.177,80",4,"294,45",2,1,0,"9,79",0,2,3
1,1,3,1,1,2,1,1,2,4,2,2,"1.170,00",4,"292,50",2,1,0,"9,79",0,2,3
2,1,1,1,1,1,1,1,3,4,2,2,"800,00",2,"400,00",1,1,1,"9,72",4,2,3
2,1,3,1,1,1,1,1,3,4,2,2,"1.054,70",3,"351,57",1,1,0,"9,75",5,2,3
2,1,3,1,0,2,1,1,2,4,2,2,"6.390,00",4,"1.597,50",1,1,1,"8,86",3,2,3
1,1,1,1,1,1,1,4,3,4,2,2,"1.356,33",3,"452,11",2,1,0,"9,68",0,2,2
1,1,3,1,1,1,1,1,1,2,2,2,"1.290,22",3,"430,07",2,1,0,"9,69",0,2,2
1,1,3,1,1,1,1,1,3,4,2,2,"1.896,00",3,"632,00",2,1,2,"9,55",4,2,2
1,1,3,1,1,1,1,1,3,4,2,2,"2.554,70",4,"638,68",2,1,0,"9,55",0,2,2
2,1,3,1,1,2,1,1,2,4,2,2,"998,00",3,"332,67",2,1,0,"9,76",0,2,2
1,1,3,1,1,1,1,1,3,4,2,2,"1.290,00",3,"430,00",2,1,0,"9,69",0,2,2
1,1,3,1,1,1,1,1,3,4,2,2,"2.470,81",3,"823,60",2,1,0,"9,41",2,2,2
2,1,3,1,2,1,1,1,3,4,2,2,"1.389,00",2,"694,50",2,1,0,"9,51",0,2,5
1,1,3,1,1,2,2,1,1,4,2,2,"506,00",4,"126,50",1,1,0,"9,91",0,2,10
1,1,3,1,4,2,2,1,1,4,2,2,"539,00",3,"179,67",2,1,5,"9,87",0,2,10
1,1,1,1,4,2,1,4,2,1,2,2,"1.633,00",2,"816,50",2,2,5,"9,42",0,1,5
1,1,3,1,1,1,1,1,3,4,2,2,"1.348,00",3,"449,33",1,1,5,"9,68",0,2,4
1,1,3,1,1,2,1,1,3,4,2,2,"1.298,00",3,"432,67",2,2,5,"9,69",0,2,5
1,1,1,1,1,2,1,1,3,1,2,2,"1.624,00",4,"406,00",1,1,5,"9,71",0,1,3
1,1,3,1,1,2,1,4,1,4,2,2,"3.926,23",4,"981,56",2,2,0,"9,30",0,2,2
1,1,1,1,3,2,2,0,1,4,2,2,"3.006,00",4,"751,50",2,1,5,"9,47",0,1,5
1,1,3,1,1,2,3,1,3,4,2,2,"2.516,00",4,"629,00",2,2,4,"9,55",0,2,9
1,1,3,1,5,2,1,1,3,4,2,2,"1.387,00",4,"346,75",2,1,5,"9,75",0,2,7
1,1,3,1,1,2,1,4,2,4,2,2,"2.859,86",4,"714,97",2,1,0,"9,49",0,1,4
1,1,3,1,1,2,2,1,3,4,2,2,"486,00",3,"162,00",2,1,5,"9,88",0,2,9
1,1,1,1,1,2,1,1,3,4,2,2,"800,00",3,"266,67",2,1,5,"9,81",0,2,6
1,1,3,1,5,2,1,4,3,4,2,2,"1.189,00",6,"198,17",2,1,0,"9,86",0,2,9
1,1,3,1,5,2,1,1,1,2,2,2,"1.144,70",2,"572,35",2,1,5,"9,59",0,1,7
1,1,3,1,3,1,1,2,3,1,2,2,"266,00",1,"266,00",2,1,0,"9,81",0,1,8
1,1,3,1,5,2,1,1,3,4,2,2,"1.996,00",2,"998,00",2,2,5,"9,29",0,2,6
1,1,3,1,1,2,1,1,3,4,2,2,"3.000,00",5,"600,00",2,1,5,"9,57",0,2,5
1,1,1,1,2,2,1,0,3,4,2,2,"1.142,00",3,"380,67",2,2,5,"9,73",0,2,6
1,1,1,1,1,2,1,4,3,4,2,2,"2.691,00",9,"299,00",2,1,5,"9,79",0,2,6
2,1,3,1,1,2,1,2,3,4,2,2,"75,90",3,"25,30",1,1,0,"9,98",0,2,10
2,1,3,1,3,2,1,1,2,4,2,2,"235,00",1,"235,00",1,2,0,"9,83",0,2,8
2,1,3,1,1,2,1,1,2,4,2,2,"1.014,00",3,"338,00",2,1,5,"9,76",0,2,7
2,1,3,1,5,2,2,1,3,4,2,2,"2.986,80",4,"746,70",2,1,5,"9,47",0,2,6
2,1,3,1,1,2,1,1,3,4,2,2,"650,00",4,"162,50",1,1,5,"9,88",0,2,6
2,1,3,1,1,1,1,1,1,4,2,2,"1.657,30",4,"414,33",2,1,5,"9,71",0,2,5
2,1,1,1,1,2,1,1,3,4,2,2,"900,00",3,"300,00",1,1,5,"9,79",0,2,6
2,1,3,1,1,1,1,1,3,4,2,2,"1.491,00",2,"745,50",2,1,0,"9,47",0,2,5
2,1,3,1,0,2,1,1,3,4,2,2,"4.818,33",4,"1.204,58",2,1,1,"9,14",0,2,4
2,1,3,1,1,2,1,4,3,4,2,2,"998,00",5,"199,60",2,2,1,"9,86",0,2,6
2,1,3,1,3,2,1,1,3,4,2,2,"1.720,00",1,"1.720,00",2,2,4,"8,78",0,2,2
2,1,3,1,1,1,1,1,3,4,2,2,"1.582,00",4,"395,50",2,2,5,"9,72",0,1,3
1,1,3,1,4,2,1,1,3,4,2,2,"1.876,00",7,"268,00",2,1,0,"9,81",0,2,2
2,1,1,1,2,1,1,4,1,4,2,2,"460,00",2,"230,00",2,1,5,"9,84",2,2,5
1,1,3,1,1,1,1,1,3,4,2,2,"500,00",4,"125,00",2,1,5,"9,91",5,2,5
2,1,1,1,3,1,2,1,3,4,2,2,"998,00",1,"998,00",2,1,5,"9,29",4,2,4
2,1,3,1,1,1,1,2,3,4,2,2,"2.278,53",4,"569,63",2,1,5,"9,59",4,2,3
2,1,3,1,1,2,1,1,4,4,2,2,"1.098,46",3,"366,15",2,1,5,"9,74",4,2,5
1,1,3,1,1,1,1,1,3,4,2,2,"1.854,98",4,"463,75",2,1,5,"9,67",5,2,2
2,1,3,1,1,1,1,4,3,4,2,2,"998,00",3,"332,67",2,1,5,"9,76",5,2,2
2,1,3,1,4,2,1,1,1,4,2,2,"1.800,00",4,"450,00",2,1,5,"9,68",5,2,4
2,1,3,1,1,1,1,1,3,1,2,2,"3.000,00",3,"1.000,00",2,1,5,"9,29",5,1,2
2,1,3,1,2,1,1,1,3,4,2,2,"1.300,00",3,"433,33",2,1,5,"9,69",2,2,2
2,1,1,1,5,2,1,1,3,4,2,1,"3.599,41",5,"719,88",2,2,5,"9,49",2,2,4
1,1,1,1,1,2,2,1,3,2,2,2,"862,00",3,"287,33",2,1,5,"9,80",4,2,3
2,1,1,1,1,1,1,1,3,4,2,2,"1.148,00",4,"287,00",2,1,5,"9,80",4,2,6
2,1,3,1,1,1,1,1,3,4,2,2,"4.436,65",5,"887,33",2,1,5,"9,37",4,2,3
2,1,1,1,1,1,1,1,3,4,2,2,"1.499,00",5,"299,80",2,1,5,"9,79",5,2,5
2,1,1,1,1,1,1,1,1,2,2,2,"1.898,29",4,"474,57",2,1,5,"9,66",4,2,4
2,1,1,1,5,2,1,1,3,1,2,2,"1.972,23",4,"493,06",2,1,5,"9,65",4,1,2
1,1,1,1,1,1,1,4,3,1,2,2,"2.770,91",4,"692,73",2,2,5,"9,51",4,2,2
2,1,3,1,2,1,0,1,1,3,2,2,"1.200,00",2,"600,00",2,1,5,"9,57",2,1,2
2,1,3,1,1,1,1,2,3,4,2,2,"1.198,00",2,"599,00",2,1,5,"9,57",4,2,3
1,1,1,1,1,1,1,2,1,4,2,2,"2.487,17",4,"621,79",2,1,5,"9,56",3,2,3
1,1,3,1,1,1,1,4,3,4,2,2,"2.500,00",3,"833,33",2,1,5,"9,41",5,2,3
1,1,3,1,5,2,1,1,3,4,2,2,"500,00",1,"500,00",2,1,5,"9,64",2,2,6
2,1,1,1,1,1,1,2,3,4,2,2,"1.339,08",3,"446,36",2,1,5,"9,68",4,2,5
2,1,3,1,1,1,1,1,3,1,2,2,"1.153,53",4,"288,38",2,1,5,"9,79",4,1,2
2,1,3,1,1,2,1,1,3,4,2,2,"1.289,79",3,"429,93",2,1,5,"9,69",5,2,3
2,1,1,1,1,1,1,3,3,4,2,2,"2.399,34",4,"599,84",2,1,5,"9,57",2,2,2
2,1,3,1,4,2,1,2,2,4,2,2,"3.011,00",4,"752,75",2,1,1,"9,46",4,2,3
2,1,3,1,1,1,1,1,3,4,2,2,"1.260,00",6,"210,00",2,1,5,"9,85",5,2,5
2,1,3,1,1,1,1,1,3,4,2,2,"1.314,83",2,"657,42",2,1,5,"9,53",4,2,2
1,1,1,1,1,2,1,1,3,4,2,2,"4.286,00",4,"1.071,50",2,2,5,"9,24",2,2,2
1,1,3,1,1,1,1,1,3,4,2,2,"1.496,86",2,"748,43",2,1,5,"9,47",4,2,2
1,1,3,1,4,1,1,2,3,4,2,2,"1.450,09",2,"725,05",2,1,5,"9,48",2,2,3
1,1,1,1,1,1,1,1,3,4,2,2,"1.522,22",3,"507,41",2,1,5,"9,64",4,2,3
1,1,3,1,3,1,1,1,1,4,2,2,"1.162,04",1,"1.162,04",2,1,5,"9,17",4,2,2
1,1,1,1,1,1,1,2,3,4,2,2,"1.020,98",4,"255,25",2,1,5,"9,82",2,2,2
2,1,3,1,1,1,1,1,3,3,2,2,"2.566,00",3,"855,33",1,1,5,"9,39",5,2,4
2,1,3,1,1,1,1,1,3,4,2,2,"897,74",4,"224,44",2,1,5,"9,84",4,2,4
1,1,3,1,1,1,1,2,3,2,2,2,"2.503,06",4,"625,77",2,1,5,"9,55",2,1,2
1,1,3,1,1,2,1,1,3,4,2,2,"1.200,00",4,"300,00",2,1,5,"9,79",4,2,3
1,1,0,1,1,1,1,2,1,4,2,2,"1.603,89",5,"320,78",2,1,5,"9,77",4,1,2
1,1,3,1,0,2,1,2,3,4,2,2,"1.200,00",3,"400,00",2,1,5,"9,72",4,2,8
1,1,3,1,4,2,1,2,1,4,2,2,"4.891,00",5,"978,20",2,1,5,"9,30",5,2,3
2,1,3,1,1,1,1,1,3,4,2,2,"2.340,16",3,"780,05",2,1,5,"9,44",4,2,2
1,1,1,1,0,1,1,1,3,1,2,2,"3.797,00",4,"949,25",2,1,5,"9,32",4,2,3
1,1,1,1,1,1,2,1,3,4,2,2,"683,27",4,"170,82",2,1,5,"9,88",4,2,5
1,1,3,1,1,1,1,2,3,4,2,2,"1.290,63",6,"215,11",2,1,5,"9,85",2,2,3
2,1,3,1,1,1,1,2,3,4,2,2,"1.094,60",3,"364,87",2,1,5,"9,74",4,2,5
2,1,3,1,1,1,0,1,3,4,2,2,"600,03",3,"200,01",2,1,5,"9,86",4,2,5
1,1,1,1,1,2,1,4,2,4,2,2,"3.455,00",9,"383,89",2,2,5,"9,73",4,2,5
1,1,3,1,1,1,1,1,3,4,2,2,"637,00",3,"212,33",2,1,5,"9,85",5,2,4
2,1,3,1,1,1,1,1,3,4,2,2,"1.046,00",3,"348,67",2,1,5,"9,75",5,2,1
2,1,3,1,1,1,2,1,1,4,2,2,"830,00",4,"207,50",2,1,5,"9,85",5,2,6
1,1,3,1,1,1,1,1,3,4,2,2,"656,00",3,"218,67",2,1,5,"9,84",4,2,5
1,1,1,1,1,1,1,1,3,4,2,2,"1.999,00",2,"999,50",2,1,5,"9,29",4,1,2
1,1,3,1,1,1,1,1,3,4,2,2,"1.000,00",2,"500,00",2,1,5,"9,64",2,2,2
1,1,1,1,1,1,1,1,3,4,2,2,"1.232,00",4,"308,00",2,1,5,"9,78",5,2,2
1,1,1,1,1,2,1,1,2,4,2,2,"998,00",2,"499,00",2,1,5,"9,64",5,2,3
1,1,3,1,1,1,1,1,3,4,2,2,"2.085,00",4,"521,25",2,2,5,"9,63",4,2,3
1,1,3,1,4,1,1,1,3,4,2,2,"2.105,00",3,"701,67",2,1,5,"9,50",2,2,4
1,1,1,1,1,2,1,1,3,1,2,2,"1.204,00",4,"301,00",2,1,5,"9,79",4,2,2
1,1,3,1,1,1,1,1,3,4,2,2,"1.766,00",5,"353,20",2,2,5,"9,75",4,2,2
1,1,3,1,1,1,1,2,3,4,2,2,"1.738,00",3,"579,33",2,1,5,"9,59",5,1,2
2,1,1,1,1,1,1,2,1,4,2,2,"1.669,00",4,"417,25",2,1,5,"9,70",4,2,4
2,1,3,1,1,1,1,1,3,4,2,2,"800,00",6,"133,33",2,1,5,"9,91",5,2,5
2,1,3,1,1,1,1,2,3,4,2,2,"800,00",3,"266,67",2,1,5,"9,81",4,2,4
2,1,3,1,1,2,1,2,3,4,2,2,"379,00",2,"189,50",2,1,0,"9,87",0,2,7
2,1,3,1,0,1,1,1,3,4,2,2,"998,00",2,"499,00",2,1,5,"9,64",5,2,4
2,1,3,1,1,1,1,3,3,4,2,2,"998,00",4,"249,50",2,1,0,"9,82",4,2,3
2,1,3,1,1,1,1,1,3,4,2,2,"500,00",2,"250,00",2,1,5,"9,82",4,2,3
2,1,3,1,1,1,1,1,3,4,2,2,"1.496,00",4,"374,00",2,1,5,"9,73",4,2,2
1,1,3,1,1,2,1,4,2,4,2,2,"998,00",4,"249,50",2,1,5,"9,82",4,2,3
2,1,1,1,4,1,1,1,3,3,2,2,"1.738,00",4,"434,50",2,1,5,"9,69",2,2,2
2,1,3,1,1,1,1,1,3,4,2,2,"3.271,50",4,"817,88",2,1,5,"9,42",3,2,3
2,1,1,1,1,1,1,4,3,4,2,2,"1.570,00",4,"392,50",2,1,5,"9,72",4,1,2
1,1,3,1,1,1,1,1,3,4,2,2,"1.332,00",2,"666,00",2,1,5,"9,53",4,2,2
2,1,3,1,1,1,1,1,3,4,2,2,"998,00",3,"332,67",2,1,5,"9,76",4,2,4
1,1,3,1,1,1,1,1,3,4,2,2,"4.403,00",5,"880,60",2,2,5,"9,37",4,2,2
2,1,3,1,1,1,1,2,3,4,2,2,"400,00",2,"200,00",2,1,1,"9,86",4,2,3
1,1,3,1,1,1,3,2,1,2,2,2,"998,00",2,"499,00",2,1,5,"9,64",5,2,3
2,1,1,1,1,1,1,2,2,4,2,2,"1.498,00",4,"374,50",2,1,5,"9,73",4,2,3
2,1,1,1,1,1,1,1,3,4,2,2,"1.000,00",2,"500,00",2,1,1,"9,64",4,2,3
2,1,1,1,1,1,1,4,3,4,2,2,"11.267,00",8,"1.408,38",2,2,1,"9,00",1,2,2
2,1,1,1,1,2,1,1,3,4,2,2,"900,00",3,"300,00",2,1,5,"9,79",5,2,3
1,1,3,1,1,1,1,0,3,2,2,2,"1.200,00",3,"400,00",2,1,5,"9,72",4,2,4
1,1,3,1,1,1,1,1,3,4,2,2,"1.594,00",4,"398,50",2,1,5,"9,72",4,2,2
1,1,3,1,1,1,1,1,3,4,2,2,"3.002,38",4,"750,60",2,1,5,"9,47",4,2,2
2,1,3,1,1,1,1,1,3,4,2,2,"2.100,00",3,"700,00",2,1,5,"9,50",5,2,2
2,1,3,1,1,2,1,1,3,4,2,2,"633,00",4,"158,25",2,1,5,"9,89",5,2,5
2,1,3,1,1,1,1,1,1,3,2,2,"1.996,00",5,"399,20",2,2,5,"9,72",5,2,2
1,1,1,1,1,1,3,1,3,4,2,2,"448,00",4,"112,00",2,1,5,"9,92",4,2,5
2,1,3,1,1,1,1,1,3,1,2,2,"2.618,00",4,"654,50",2,2,5,"9,53",5,2,3
2,1,3,1,1,1,1,2,3,4,2,2,"1.089,00",3,"363,00",2,1,5,"9,74",5,2,2
2,1,3,1,1,1,1,1,3,2,2,2,"1.190,00",4,"297,50",2,1,5,"9,79",5,2,2
1,1,3,1,0,2,1,1,3,4,2,2,"1.789,00",5,"357,80",2,1,0,"9,75",0,2,6
1,1,1,1,1,1,1,1,3,4,2,2,"998,00",2,"499,00",2,1,5,"9,64",5,2,3
1,1,3,1,5,2,1,1,3,4,2,2,"2.032,00",4,"508,00",2,1,5,"9,64",5,2,3
1,1,1,1,1,1,1,1,3,2,2,2,"3.066,83",3,"1.022,28",2,1,5,"9,27",4,1,1
1,1,3,1,4,1,1,2,3,1,2,2,"2.003,68",6,"333,95",2,1,5,"9,76",4,1,2
1,1,3,1,5,2,1,1,1,4,2,2,"830,00",4,"207,50",2,1,5,"9,85",4,2,6
1,1,3,1,1,1,1,1,3,4,2,2,"2.065,00",3,"688,33",2,1,5,"9,51",4,2,2
2,1,1,1,4,2,1,1,2,1,2,2,"850,00",4,"212,50",2,1,5,"9,85",4,2,4
1,1,3,1,4,2,1,1,3,3,2,2,"1.900,00",5,"380,00",2,1,5,"9,73",4,2,5
1,1,3,1,1,1,1,1,3,4,2,2,"1.295,00",3,"431,67",2,1,5,"9,69",4,2,4
1,1,3,1,4,2,1,1,3,2,2,2,"1.013,00",3,"337,67",2,1,5,"9,76",5,2,5
2,1,3,1,0,2,1,1,2,4,2,2,"410,00",2,"205,00",2,1,5,"9,85",2,2,7
1,1,3,1,1,1,1,1,3,4,2,2,"1.200,00",4,"300,00",2,1,5,"9,79",4,2,2
1,1,3,1,1,1,1,1,3,4,2,2,"1.895,47",5,"379,09",2,1,5,"9,73",2,2,2
2,1,1,1,0,1,2,1,3,4,2,2,"2.310,00",5,"462,00",2,1,5,"9,67",5,2,4
2,1,3,1,1,1,1,1,1,4,2,2,"1.215,00",3,"405,00",2,1,5,"9,71",5,2,5
1,1,3,1,1,1,1,1,3,4,2,2,"1.175,05",4,"293,76",2,1,5,"9,79",2,2,2
2,1,3,1,4,2,1,1,3,4,2,2,"430,00",3,"143,33",2,1,5,"9,90",5,2,8
2,1,3,1,1,1,1,3,3,4,2,2,"1.194,00",4,"298,50",2,1,5,"9,79",4,2,4
2,1,3,1,1,1,1,1,3,4,2,2,"963,00",2,"481,50",2,1,5,"9,66",5,2,5
1,1,3,1,1,1,1,1,1,4,2,2,"5.354,50",4,"1.338,63",2,1,5,"9,05",5,2,2
1,1,3,1,1,1,1,1,3,4,2,2,"2.553,06",4,"638,27",2,1,5,"9,55",4,2,2
1,1,3,1,1,1,3,1,3,4,2,2,"998,00",3,"332,67",2,1,5,"9,76",4,2,4
1,1,1,1,1,2,1,4,3,4,2,2,"1.000,00",2,"500,00",2,1,5,"9,64",5,2,3
2,1,3,1,1,1,1,1,3,4,2,2,"856,00",4,"214,00",2,1,0,"9,85",5,2,7
2,1,3,1,1,2,1,4,2,4,2,2,"3.549,00",3,"1.183,00",2,2,0,"9,16",4,2,5
1,1,1,1,0,1,1,1,3,4,2,2,"1.970,00",4,"492,50",2,1,0,"9,65",5,2,5
2,1,3,1,1,1,1,2,3,4,2,2,"1.156,00",4,"289,00",2,1,5,"9,79",4,2,4
2,1,3,1,3,2,1,2,1,1,2,2,"600,00",1,"600,00",2,1,0,"9,57",2,2,5
1,1,3,1,1,2,1,1,3,4,2,2,"968,00",3,"322,67",2,1,5,"9,77",4,2,2
2,1,3,1,4,2,1,1,1,4,2,2,"1.800,00",4,"450,00",2,1,5,"9,68",5,2,4
2,1,3,1,2,1,0,1,1,3,2,2,"1.400,00",2,"700,00",2,1,5,"9,50",2,2,2
1,1,3,1,5,2,1,1,3,4,2,2,"500,00",1,"500,00",2,1,5,"9,64",2,2,6
2,1,3,1,1,2,1,1,2,4,2,2,"1.016,00",4,"254,00",2,2,5,"9,82",5,2,3
2,1,3,1,4,2,1,2,2,4,2,2,"3.011,00",4,"752,75",2,1,1,"9,46",4,2,2
2,1,3,1,1,2,1,1,2,4,2,1,"3.284,00",4,"821,00",2,2,5,"9,42",4,2,4
1,1,1,1,1,2,1,1,3,4,2,2,"4.286,00",4,"1.071,50",2,2,5,"9,24",2,2,2
1,1,3,1,4,2,2,2,1,4,2,2,"2.145,00",5,"429,00",2,1,5,"9,69",2,2,5
1,1,3,1,5,2,1,1,3,4,2,2,"2.150,78",4,"537,70",2,1,5,"9,62",2,2,5
1,1,3,1,0,2,1,2,3,4,2,2,"1.200,00",3,"400,00",2,1,5,"9,72",4,2,8
1,1,3,1,4,2,1,1,2,4,2,2,"998,00",3,"332,67",2,1,5,"9,76",5,2,3
1,1,3,1,4,2,1,2,1,4,2,2,"4.891,00",5,"978,20",2,1,5,"9,30",5,2,3
1,1,1,1,4,2,1,1,3,4,2,2,"1.744,06",4,"436,02",1,1,5,"9,69",2,1,3
1,1,3,1,5,2,1,1,3,4,2,1,"1.728,00",4,"432,00",2,1,5,"9,69",5,2,6
1,1,1,1,0,1,1,1,3,1,2,2,"3.797,00",4,"949,25",2,1,5,"9,32",4,2,3
1,1,3,1,4,2,1,1,1,4,2,2,"2.470,15",4,"617,54",2,2,5,"9,56",2,2,4
1,1,1,1,1,2,1,4,2,4,2,2,"3.455,00",9,"383,89",2,2,5,"9,73",4,2,4
1,1,3,1,1,2,1,1,1,4,2,2,"2.521,86",5,"504,37",2,1,5,"9,64",4,2,2
1,1,1,1,1,2,1,1,3,1,2,2,"1.554,00",4,"388,50",2,1,5,"9,72",4,2,2
2,1,3,1,0,1,1,1,3,4,2,2,"998,00",2,"499,00",2,1,5,"9,64",5,2,4
1,1,3,1,1,2,1,4,2,4,2,2,"998,00",4,"249,50",2,1,5,"9,82",4,2,3
1,1,3,1,1,2,3,1,3,4,2,2,"2.054,65",4,"513,66",2,1,5,"9,63",5,2,2
1,1,3,1,1,2,1,1,3,4,2,1,"2.396,00",3,"798,67",2,2,5,"9,43",4,2,3
2,1,1,1,1,2,1,1,3,4,2,2,"900,00",3,"300,00",2,1,5,"9,79",5,2,3
1,1,3,1,0,2,1,1,3,4,2,2,"1.789,00",5,"357,80",2,1,0,"9,75",0,2,6
2,1,1,1,4,2,1,1,2,1,2,2,"850,00",4,"212,50",2,1,5,"9,85",4,2,4
2,1,3,1,1,2,1,4,2,4,2,2,"3.549,00",3,"1.183,00",2,2,0,"9,16",4,2,5
1,1,1,1,0,2,1,1,3,4,2,2,"1.970,00",4,"492,50",2,1,0,"9,65",5,2,5
2,1,3,1,3,2,1,2,1,1,2,2,"600,00",1,"600,00",2,1,0,"9,57",2,2,5
1,1,3,1,1,2,1,2,3,4,2,1,"957,00",5,"191,40",1,1,5,"9,86",5,2,6
2,1,3,1,1,1,1,1,1,4,2,2,"3.138,14",4,"784,54",2,1,0,"9,44",3,2,3
2,1,3,1,2,2,1,1,3,4,2,2,"770,00",2,"385,00",1,1,0,"9,73",4,2,2
2,1,3,1,1,1,1,2,3,2,2,2,"1.020,00",2,"510,00",2,1,0,"9,64",4,2,2
2,1,3,1,1,1,1,1,3,4,2,2,"1.426,28",4,"356,57",2,1,5,"9,75",0,2,2
1,1,3,1,4,1,1,1,3,1,2,2,"998,00",2,"499,00",2,1,5,"9,64",4,2,3
2,1,3,1,4,2,1,1,3,4,2,2,"3.100,58",4,"775,15",2,1,5,"9,45",2,2,2
4,1,3,1,1,1,1,2,1,4,2,2,"1.098,00",3,"366,00",1,1,5,"9,74",4,2,4
1,1,3,1,1,1,1,2,1,4,2,1,"1.405,00",4,"351,25",2,1,0,"9,75",4,2,5
1,1,1,1,1,1,1,2,3,4,2,2,"250,00",2,"125,00",2,1,0,"9,91",4,2,3
2,1,3,1,1,1,1,4,3,4,2,1,"1.348,00",3,"449,33",1,1,5,"9,68",5,2,4
2,1,3,1,4,1,1,1,3,4,2,2,"1.193,44",3,"397,81",2,1,5,"9,72",4,2,2
2,1,3,1,3,1,2,1,3,4,2,2,"389,00",1,"389,00",2,1,0,"9,72",2,2,5
2,1,1,1,5,2,1,4,3,4,2,2,"3.036,74",5,"607,35",1,2,0,"9,57",2,2,4
2,1,3,1,1,1,1,1,3,4,2,2,"500,00",3,"166,67",2,1,0,"9,88",4,2,6
1,1,3,1,1,1,1,2,1,4,2,2,"589,00",3,"196,33",1,1,5,"9,86",4,2,6
2,1,1,1,1,1,1,3,3,1,2,2,"5.117,90",4,"1.279,48",2,1,0,"9,09",4,1,2
2,1,3,1,2,1,1,2,3,4,2,2,"810,00",2,"405,00",2,1,5,"9,71",2,2,3
4,1,3,1,1,1,1,1,3,4,2,2,"998,00",3,"332,67",1,1,5,"9,76",5,2,5
2,1,1,1,1,1,1,1,3,4,2,2,"300,00",4,"75,00",1,1,0,"9,95",2,2,4
2,1,3,1,1,1,1,2,1,4,2,1,"427,00",3,"142,33",2,1,5,"9,90",2,2,5
2,1,1,1,1,1,1,1,3,4,2,2,"1.419,00",5,"283,80",1,1,0,"9,80",5,2,3
2,1,1,1,1,1,1,1,1,1,2,2,"1.631,56",4,"407,89",1,1,0,"9,71",0,2,3
2,1,3,1,1,1,1,1,3,4,2,2,"1.167,42",4,"291,86",2,1,0,"9,79",4,2,3
2,1,1,1,5,2,1,2,3,1,2,2,"1.923,89",4,"480,97",1,1,0,"9,66",4,1,2
2,1,3,1,1,1,1,5,3,4,2,2,"2.017,00",4,"504,25",2,1,0,"9,64",4,2,3
1,1,3,1,1,1,1,2,3,4,2,1,"2.306,00",4,"576,50",2,2,0,"9,59",4,2,3
2,1,3,1,1,1,1,4,3,4,2,2,"1.230,00",2,"615,00",2,1,0,"9,56",4,2,2
2,1,3,1,4,1,1,2,3,2,2,2,"320,00",3,"106,67",2,1,5,"9,92",2,2,5
1,1,3,1,1,1,1,1,3,4,2,2,"1.087,00",3,"362,33",2,1,0,"9,74",5,2,4
1,1,3,1,1,1,1,4,3,4,2,2,"2.500,00",3,"833,33",1,1,0,"9,41",5,2,3
1,1,3,1,2,1,1,2,3,3,2,2,"1.582,29",5,"316,46",2,1,0,"9,77",2,2,2
1,1,3,1,2,1,1,1,3,3,2,2,"2.115,88",5,"423,18",2,1,0,"9,70",2,2,4
1,1,1,1,1,1,1,4,3,4,2,2,"653,00",2,"326,50",2,1,0,"9,77",2,2,3
1,1,3,1,1,1,1,1,3,4,2,2,"1.600,00",4,"400,00",2,1,0,"9,72",4,2,2
1,1,3,1,1,1,1,1,1,4,2,2,"998,00",4,"249,50",2,1,0,"9,82",2,2,3
2,1,3,1,1,1,1,1,3,4,2,2,"1.726,45",5,"345,29",2,2,0,"9,75",4,2,3
1,1,3,1,3,1,1,1,1,4,2,2,"150,00",1,"150,00",2,1,5,"9,89",2,2,6
2,1,3,1,1,2,1,1,3,4,2,1,"1.017,00",6,"169,50",2,1,0,"9,88",5,2,4
2,1,3,1,1,2,1,1,3,4,2,2,"1.304,00",3,"434,67",1,1,0,"9,69",5,2,3
2,1,3,1,0,1,3,1,3,4,2,2,"430,00",3,"143,33",1,1,5,"9,90",4,2,6
2,1,3,1,1,1,1,1,3,4,2,2,"400,00",2,"200,00",2,1,5,"9,86",5,2,5
1,1,3,1,0,1,1,4,1,4,2,2,"1.128,00",4,"282,00",2,1,0,"9,80",0,2,5
1,1,3,1,1,2,1,1,3,4,2,2,"800,00",3,"266,67",1,1,5,"9,81",5,2,4
2,1,3,1,1,1,1,1,3,4,2,2,"1.250,00",6,"208,33",1,1,5,"9,85",5,2,6
2,1,3,1,1,2,1,1,3,4,2,2,"549,00",3,"183,00",1,1,0,"9,87",4,2,5
1,1,3,1,1,1,3,1,3,4,2,1,"1.759,97",5,"351,99",2,1,0,"9,75",4,2,5
1,1,3,1,1,2,1,1,3,4,2,2,"1.441,17",2,"720,59",2,1,0,"9,49",4,2,2
2,1,3,1,1,1,2,1,3,4,2,2,"998,00",4,"249,50",2,1,0,"9,82",4,2,4
1,1,1,1,4,1,1,1,3,1,2,2,"998,00",2,"499,00",2,1,0,"9,64",5,2,2
1,1,3,1,1,1,1,4,3,4,2,2,"1.900,11",3,"633,37",2,1,0,"9,55",4,2,3
1,1,3,1,1,1,1,1,1,4,2,2,"450,00",3,"150,00",1,1,5,"9,89",4,2,6
1,1,3,1,1,1,1,1,3,4,2,2,"1.544,00",2,"772,00",2,1,0,"9,45",4,2,2
1,1,3,1,0,1,1,2,3,4,2,2,"1.365,00",2,"682,50",1,1,0,"9,51",2,2,4
1,1,3,1,3,1,1,1,3,4,2,1,"321,00",1,"321,00",2,1,0,"9,77",2,2,6
1,1,3,1,1,2,1,1,3,4,2,2,"2.998,00",5,"599,60",2,1,0,"9,57",5,2,3
1,1,3,1,2,1,1,2,3,4,2,2,"1.150,00",2,"575,00",2,1,0,"9,59",2,2,2
2,1,3,1,0,1,2,4,1,4,2,2,"200,00",1,"200,00",2,1,0,"9,86",2,2,6
1,1,3,1,1,2,3,1,3,4,2,2,"970,00",3,"323,33",2,1,0,"9,77",4,2,6
1,1,3,1,1,1,1,4,3,4,2,2,"1.644,00",4,"411,00",2,2,0,"9,71",4,2,2
2,1,3,1,1,1,1,1,3,4,2,2,"1.300,00",3,"433,33",2,1,5,"9,69",4,2,4
2,1,3,1,1,1,1,2,1,4,2,2,"1.128,00",3,"376,00",2,1,0,"9,73",4,2,6
2,1,3,1,1,1,1,1,1,4,2,2,"2.258,00",4,"564,50",2,1,5,"9,60",4,2,2
2,1,3,1,1,1,1,1,1,4,2,2,"1.502,00",4,"375,50",2,1,0,"9,73",4,2,4
2,1,1,1,1,1,1,1,3,4,2,2,"998,00",3,"332,67",2,1,0,"9,76",5,2,3
1,1,3,1,1,1,1,1,3,4,2,2,"2.837,00",4,"709,25",2,1,0,"9,50",4,2,2
2,1,3,1,1,1,1,1,3,4,2,2,"2.573,00",4,"643,25",2,1,0,"9,54",5,2,4
2,1,3,1,1,1,1,1,3,4,2,2,"330,00",4,"82,50",1,1,5,"9,94",2,2,7
2,1,3,1,1,1,1,2,3,4,2,2,"2.080,00",6,"346,67",2,1,5,"9,75",5,2,3
1,1,3,1,1,1,1,2,3,2,2,2,"1.504,56",3,"501,52",2,1,0,"9,64",2,2,2
2,1,3,1,1,1,1,1,1,4,2,2,"1.720,84",3,"573,61",2,1,5,"9,59",2,2,3
1,1,3,1,1,1,1,2,1,4,2,2,"1.604,04",5,"320,81",2,1,0,"9,77",4,2,2
1,1,3,1,1,1,1,1,3,4,2,1,"1.500,00",3,"500,00",2,1,5,"9,64",1,2,3
1,1,3,1,0,2,1,4,3,4,2,2,"1.170,00",2,"585,00",1,1,0,"9,58",4,2,6
1,1,3,1,1,1,1,1,3,4,2,2,"2.028,00",4,"507,00",2,1,0,"9,64",4,2,3
1,1,1,1,1,1,1,1,3,2,2,1,"800,00",3,"266,67",2,1,0,"9,81",4,2,5
1,1,3,1,1,1,1,1,3,4,2,2,"719,00",4,"179,75",2,1,5,"9,87",4,2,5
1,1,3,1,1,1,1,3,3,4,2,2,"998,00",4,"249,50",2,1,5,"9,82",5,2,4
2,1,3,1,1,1,1,1,3,4,2,2,"998,00",2,"499,00",2,1,0,"9,64",5,2,3
2,1,1,1,0,1,1,4,1,4,2,1,"735,00",1,"735,00",2,1,0,"9,48",2,2,5
2,1,3,1,0,2,1,5,1,4,2,2,"450,00",1,"450,00",2,1,0,"9,68",2,2,5
2,1,3,1,1,1,1,0,3,1,2,2,"1.535,00",4,"383,75",2,1,0,"9,73",4,2,3
2,1,3,1,1,1,1,4,3,4,2,2,"1.100,00",2,"550,00",2,1,0,"9,61",0,2,5
1,1,1,1,1,1,1,1,3,4,2,2,"1.182,00",3,"394,00",2,1,0,"9,72",2,2,2
2,1,3,1,5,2,1,2,3,4,2,2,"998,00",4,"249,50",2,1,0,"9,82",4,2,5
1,1,3,1,1,2,2,1,3,4,2,2,"1.147,00",4,"286,75",1,1,0,"9,80",5,2,5
1,1,1,1,4,1,1,0,3,1,2,2,"3.797,00",4,"949,25",1,1,0,"9,32",5,2,3
2,1,3,1,1,1,0,1,3,4,2,2,"1.000,00",3,"333,33",2,1,0,"9,76",4,2,3
1,1,1,1,1,1,2,1,3,4,2,2,"800,00",4,"200,00",2,1,5,"9,86",2,2,6
2,1,3,1,1,2,1,1,1,4,2,2,"970,00",3,"323,33",2,1,0,"9,77",6,2,5
2,1,3,1,1,2,1,1,3,4,2,2,"4.468,00",3,"1.489,33",2,1,0,"8,94",4,2,3
1,1,3,1,1,1,1,1,1,4,2,2,"1.086,00",2,"543,00",2,1,0,"9,61",5,2,2
1,1,1,1,1,1,1,1,1,4,2,2,"4.783,00",3,"1.594,33",2,2,0,"8,87",4,2,1
1,1,1,1,1,1,1,1,3,4,2,2,"889,00",4,"222,25",1,1,0,"9,84",5,2,4
1,1,3,1,5,2,1,5,1,4,2,2,"300,00",1,"300,00",2,1,5,"9,79",4,2,6
2,1,3,1,1,2,1,4,1,4,2,2,"3.482,00",4,"870,50",2,2,0,"9,38",4,2,2
2,1,3,1,3,1,1,1,3,4,2,2,"238,00",1,"238,00",2,1,5,"9,83",2,2,6
2,1,3,1,2,1,1,4,3,4,2,2,"500,00",2,"250,00",2,1,0,"9,82",2,2,5
1,1,1,1,1,1,1,1,3,4,2,2,"1.737,00",4,"434,25",2,1,5,"9,69",5,2,2
1,1,3,1,1,2,1,1,3,1,2,2,"3.101,00",5,"620,20",2,1,0,"9,56",4,2,2
2,1,3,1,1,1,1,4,3,3,2,2,"6.230,00",5,"1.246,00",2,1,0,"9,11",2,2,2
1,1,3,1,1,1,1,1,3,4,2,2,"1.500,00",4,"375,00",2,1,0,"9,73",5,2,3
2,1,3,1,3,1,1,1,3,4,2,2,"1.058,00",1,"1.058,00",2,1,0,"9,25",2,2,6
1,1,3,1,1,1,1,1,1,4,2,2,"637,00",3,"212,33",1,1,5,"9,85",5,2,5
1,1,1,1,1,1,1,1,3,2,2,2,"1.987,00",3,"662,33",2,1,0,"9,53",2,2,6
2,1,3,1,1,2,1,1,1,4,2,2,"950,00",5,"190,00",1,1,0,"9,86",5,2,3
2,1,1,1,1,1,1,2,3,4,2,1,"1.348,00",5,"269,60",2,1,0,"9,81",4,2,3
2,1,3,1,1,1,1,1,3,2,2,2,"1.483,00",4,"370,75",2,1,0,"9,74",4,2,2
1,1,3,1,1,1,1,4,1,4,2,2,"390,00",2,"195,00",2,1,5,"9,86",5,2,7
1,1,3,1,1,1,1,1,3,4,2,2,"1.140,00",3,"380,00",2,1,5,"9,73",5,2,3
1,1,3,1,1,1,1,1,3,4,2,2,"1.000,00",2,"500,00",1,1,0,"9,64",2,2,2
1,1,1,1,1,1,1,1,3,4,2,2,"1.210,00",4,"302,50",1,1,0,"9,78",5,2,3
1,1,3,1,1,2,1,1,2,4,2,2,"1.200,00",4,"300,00",2,1,5,"9,79",5,2,2
1,1,3,1,1,1,1,1,3,4,2,2,"2.085,00",4,"521,25",1,2,0,"9,63",5,2,3
1,1,3,1,1,2,1,1,3,4,2,2,"579,00",3,"193,00",2,1,5,"9,86",5,2,5
1,1,3,1,4,1,1,1,3,4,2,2,"2.105,00",3,"701,67",1,2,0,"9,50",2,2,3
1,1,3,1,2,1,1,4,3,4,2,2,"668,00",6,"111,33",2,1,5,"9,92",5,2,8
1,1,1,1,1,1,1,1,1,4,2,2,"1.657,00",3,"552,33",2,1,0,"9,61",6,2,2
1,1,1,1,1,2,1,1,3,4,2,1,"1.661,00",5,"332,20",2,1,5,"9,76",5,2,2
1,1,3,1,1,1,1,1,3,4,2,2,"800,00",3,"266,67",2,1,5,"9,81",5,2,3
2,1,3,1,1,1,1,1,3,4,2,2,"550,00",3,"183,33",2,1,5,"9,87",5,2,6
1,1,3,1,1,1,1,1,3,1,2,1,"1.200,00",2,"600,00",2,1,5,"9,57",4,2,3
2,1,3,1,5,2,1,2,3,4,2,2,"1.293,00",5,"258,60",2,1,5,"9,82",0,2,6
2,1,3,1,1,2,1,1,3,4,2,2,"950,00",5,"190,00",2,1,0,"9,86",5,2,3
1,1,3,1,1,1,1,1,3,4,2,2,"1.020,00",5,"204,00",2,1,5,"9,85",4,2,4
2,1,3,1,1,1,1,1,3,4,2,2,"647,00",3,"215,67",2,1,0,"9,85",4,2,7
2,1,3,1,1,2,1,1,3,4,2,2,"960,00",3,"320,00",1,1,5,"9,77",4,2,4
2,1,3,1,1,1,1,1,1,4,2,2,"800,00",6,"133,33",1,1,5,"9,91",4,2,6
1,1,1,1,1,1,1,1,3,4,2,2,"800,00",3,"266,67",1,1,5,"9,81",2,2,5
2,1,1,1,1,1,1,2,3,4,2,1,"910,00",3,"303,33",2,1,0,"9,78",2,2,6
2,1,3,1,1,1,1,2,3,4,2,2,"800,00",3,"266,67",1,1,0,"9,81",4,2,4
2,1,1,1,1,1,1,0,3,4,2,2,"1.338,35",3,"446,12",2,1,0,"9,68",4,2,3
2,1,3,1,1,1,1,1,1,4,2,2,"2.396,72",5,"479,34",2,1,5,"9,66",4,2,2
2,1,1,1,5,2,1,4,3,4,2,2,"1.976,00",4,"494,00",2,1,0,"9,65",5,2,4
2,1,3,1,1,1,1,3,3,4,2,2,"998,00",4,"249,50",1,1,0,"9,82",4,2,4
2,1,3,1,1,1,1,1,3,4,2,2,"2.350,00",3,"783,33",2,1,0,"9,44",5,2,3
2,1,3,1,1,1,2,1,1,4,2,2,"2.196,03",4,"549,01",2,1,0,"9,61",4,2,2
2,1,3,1,0,1,1,2,3,4,2,2,"1.395,50",4,"348,88",2,1,0,"9,75",0,2,4
2,1,3,1,1,1,1,1,3,4,2,2,"500,00",2,"250,00",1,1,0,"9,82",4,2,3
1,1,3,1,1,1,1,4,3,1,2,1,"1.800,00",3,"600,00",2,1,0,"9,57",2,2,3
1,1,3,1,1,1,1,1,1,4,2,2,"2.319,42",4,"579,86",2,1,0,"9,59",4,2,3
1,1,3,1,4,1,1,0,1,4,2,2,"998,00",2,"499,00",2,1,5,"9,64",5,2,2
2,1,3,1,1,1,1,1,3,4,2,2,"280,00",2,"140,00",2,2,5,"9,90",2,2,8
2,1,1,1,1,1,2,1,3,4,2,2,"1.189,00",6,"198,17",2,1,0,"9,86",5,2,5
2,1,1,1,1,1,1,2,3,4,2,2,"400,00",2,"200,00",1,1,0,"9,86",2,2,3
1,1,3,1,1,1,1,2,3,3,2,2,"1.468,00",2,"734,00",1,1,0,"9,48",5,2,5
2,1,3,1,1,1,1,1,3,4,2,2,"1.000,00",4,"250,00",2,1,0,"9,82",5,2,3
2,1,1,1,1,1,1,2,3,4,2,2,"1.520,81",4,"380,20",1,1,0,"9,73",4,2,3
2,1,3,1,1,1,1,1,3,4,2,1,"650,00",3,"216,67",2,1,5,"9,85",2,2,6
2,1,3,1,1,1,1,2,3,3,2,2,"1.239,76",2,"619,88",2,1,5,"9,56",4,2,4
2,1,3,1,1,1,1,1,3,2,2,2,"1.621,44",5,"324,29",2,1,0,"9,77",5,2,5
2,1,3,1,1,1,1,4,3,4,2,1,"1.569,00",5,"313,80",2,1,0,"9,78",5,2,6
2,1,1,1,1,1,1,1,1,4,2,2,"1.494,00",5,"298,80",2,1,0,"9,79",6,2,3
2,1,1,1,1,1,1,1,3,4,2,2,"467,00",4,"116,75",2,1,0,"9,92",4,2,5
2,1,3,1,1,1,1,1,3,1,2,2,"464,00",2,"232,00",2,1,5,"9,83",4,2,6
2,1,3,1,1,1,1,3,3,4,2,2,"1.347,30",2,"673,65",2,1,0,"9,52",4,2,3
2,1,3,1,1,1,1,3,3,4,2,2,"971,00",4,"242,75",2,1,5,"9,83",5,2,5
2,1,3,1,1,2,1,1,2,4,2,2,"1.192,81",3,"397,60",2,1,0,"9,72",2,2,3
2,1,3,1,3,1,1,1,3,4,2,2,"1.128,00",4,"282,00",1,1,0,"9,80",6,2,7
1,1,3,1,4,2,2,2,3,4,2,2,"1.897,44",3,"632,48",2,1,0,"9,55",5,2,4
2,1,1,1,0,2,1,1,1,4,2,2,"1.355,00",4,"338,75",2,1,0,"9,76",4,2,4
2,1,3,1,1,1,1,1,3,4,2,2,"1.921,75",5,"384,35",2,1,0,"9,73",4,2,3
2,1,3,1,1,1,1,1,3,4,2,2,"659,00",5,"131,80",2,1,0,"9,91",4,2,5
2,1,3,1,1,2,1,1,3,4,2,2,"633,00",4,"158,25",1,1,0,"9,89",5,2,5
2,1,3,1,1,1,1,1,3,4,2,2,"958,00",3,"319,33",2,1,0,"9,77",4,2,4
2,1,3,1,1,1,1,2,3,3,2,2,"1.797,00",4,"449,25",2,2,0,"9,68",0,2,4
2,1,1,1,1,1,1,4,3,4,2,2,"1.482,00",3,"494,00",2,1,0,"9,65",4,2,4
2,1,3,1,4,1,1,1,3,4,2,2,"1.022,40",3,"340,80",2,1,0,"9,76",4,2,2
1,1,3,1,1,1,1,1,3,4,2,2,"630,00",4,"157,50",2,1,5,"9,89",4,2,5
2,1,3,1,1,1,1,1,3,4,2,2,"828,00",5,"165,60",2,1,0,"9,88",4,2,5
2,1,3,1,1,1,1,2,3,4,2,2,"1.089,00",3,"363,00",1,1,0,"9,74",5,2,2
2,1,3,1,1,1,1,4,3,4,2,2,"548,00",2,"274,00",2,1,5,"9,81",5,2,5
1,1,3,1,1,2,1,4,2,4,2,2,"2.759,00",4,"689,75",2,1,0,"9,51",4,2,3
2,1,3,1,1,1,1,2,3,4,2,2,"998,00",2,"499,00",2,1,0,"9,64",5,2,3
2,1,3,1,1,1,1,1,3,2,2,2,"640,00",4,"160,00",1,1,5,"9,89",5,2,3
2,1,1,1,5,2,1,5,3,2,2,2,"1.400,00",2,"700,00",2,2,0,"9,50",2,2,4
2,1,1,1,3,1,1,4,1,3,2,2,"197,00",1,"197,00",2,1,0,"9,86",2,2,5
2,1,3,1,1,1,1,2,3,4,2,2,"3.533,00",6,"588,83",2,1,0,"9,58",3,2,3
2,1,3,1,1,1,1,1,1,2,2,1,"2.100,00",3,"700,00",2,1,0,"9,50",2,2,4
1,1,3,1,1,1,1,1,3,4,2,2,"1.135,00",5,"227,00",2,1,0,"9,84",5,2,4
2,1,1,1,1,2,1,4,3,4,2,2,"2.786,00",2,"1.393,00",2,2,0,"9,01",2,2,3
2,1,3,1,1,1,1,4,3,4,2,2,"1.491,00",4,"372,75",2,1,0,"9,73",4,2,4
2,1,3,1,1,1,1,3,2,4,2,2,"2.750,00",4,"687,50",2,1,0,"9,51",4,2,4
2,1,1,1,4,2,1,4,2,2,2,2,"800,00",4,"200,00",2,1,0,"9,86",4,2,4
1,1,3,1,1,1,1,4,3,4,2,2,"990,00",4,"247,50",2,1,5,"9,82",4,2,4
1,1,3,1,4,1,1,1,3,4,2,2,"400,00",2,"200,00",2,1,5,"9,86",2,2,6
2,1,3,1,1,1,1,1,3,4,2,2,"998,00",2,"499,00",1,2,5,"9,64",5,2,5
1,1,3,1,1,2,1,4,2,4,2,2,"1.333,00",3,"444,33",2,1,0,"9,68",4,2,3
1,1,3,1,3,1,3,4,1,4,2,1,"1.728,00",5,"345,60",2,1,5,"9,75",2,2,4
2,1,3,1,0,2,1,2,2,4,2,2,"330,00",2,"165,00",1,1,5,"9,88",2,2,6
1,1,3,1,1,1,1,1,3,4,2,2,"1.200,00",4,"300,00",1,1,5,"9,79",4,2,4
2,1,1,1,1,1,1,1,3,4,2,2,"1.731,00",4,"432,75",2,1,5,"9,69",4,2,5
2,1,3,1,1,1,1,1,3,4,2,2,"2.346,00",5,"469,20",1,1,0,"9,67",5,2,5
2,1,3,1,0,1,1,2,3,4,2,2,"546,00",3,"182,00",2,1,0,"9,87",2,2,6
2,1,3,1,1,1,1,1,3,4,2,2,"409,00",2,"204,50",2,1,0,"9,85",5,2,5
2,1,3,1,1,1,1,1,3,4,2,2,"1.295,00",4,"323,75",1,1,5,"9,77",4,2,4
2,1,3,1,1,1,1,1,3,4,2,2,"1.339,00",2,"669,50",1,1,5,"9,52",5,2,4
1,1,3,1,1,1,1,4,3,4,2,2,"3.500,00",3,"1.166,67",2,2,0,"9,17",5,2,3
1,1,3,1,1,1,1,1,1,4,2,2,"1.358,00",3,"452,67",2,1,0,"9,68",4,2,2
1,1,3,1,4,1,1,1,1,4,2,2,"2.795,00",3,"931,67",2,1,0,"9,34",6,2,3
2,1,3,1,1,1,1,2,3,4,2,2,"1.512,94",5,"302,59",2,1,0,"9,78",2,2,2
1,1,3,1,1,1,1,1,3,4,2,2,"2.090,51",4,"522,63",1,1,0,"9,63",4,2,2
1,1,3,1,1,1,1,1,3,1,2,2,"800,00",3,"266,67",2,1,0,"9,81",4,2,4
1,1,3,1,1,1,1,1,3,4,2,2,"998,00",3,"332,67",1,1,5,"9,76",4,2,4
2,1,3,1,3,2,2,2,3,4,1,2,"2.300,00",3,"766,67",2,1,4,"9,45",0,2,3
2,1,3,1,4,1,1,1,3,4,2,2,"1.198,00",3,"399,33",2,1,0,"9,72",5,2,4
2,1,1,1,5,2,1,2,3,4,2,2,"4.277,00",5,"855,40",2,1,0,"9,39",4,2,3
1,1,3,1,1,1,1,1,3,4,2,2,"1.380,62",2,"690,31",2,1,0,"9,51",2,2,2
2,1,3,1,1,1,1,1,3,4,2,2,"856,00",4,"214,00",1,1,5,"9,39",0,2,6
2,1,3,1,1,1,1,4,3,4,2,2,"998,00",2,"499,00",2,1,0,"9,64",4,2,3
1,1,1,1,4,2,1,2,3,4,2,2,"237,00",3,"79,00",1,1,3,"9,94",5,2,6
2,1,3,1,1,1,2,2,3,4,2,1,"380,00",7,"54,29",1,1,5,"9,96",2,2,6
1,1,3,1,1,1,1,1,3,4,2,2,"289,00",4,"72,25",2,1,5,"9,95",5,2,6
1,1,3,1,2,2,0,4,3,4,2,2,"268,00",3,"89,33",2,1,5,"9,94",2,2,6
1,1,1,1,2,1,1,1,3,4,2,2,"300,00",3,"100,00",1,1,3,"9,93",2,2,6
1,1,3,1,3,2,1,1,1,4,2,2,"100,00",1,"100,00",1,1,5,"9,93",2,2,6
2,1,3,1,2,1,1,1,3,4,2,2,"200,00",2,"100,00",2,1,5,"9,93",2,2,6
2,1,3,1,1,1,1,2,3,4,2,2,"320,00",3,"106,67",2,1,2,"9,92",4,2,6
2,1,3,1,1,1,1,1,3,4,2,2,"449,00",4,"112,25",2,1,2,"9,92",4,2,6
1,1,3,1,1,1,1,1,3,4,1,2,"360,00",3,"120,00",1,1,5,"9,91",5,2,6
2,1,3,1,1,1,1,1,3,4,2,2,"489,00",4,"122,25",2,1,3,"9,91",5,2,6
1,1,3,1,1,1,1,1,3,4,2,2,"580,00",4,"145,00",1,1,5,"9,90",5,2,6
2,1,3,1,1,1,1,1,3,4,2,2,"455,00",3,"151,67",2,1,5,"9,89",4,2,6
1,1,3,1,1,2,2,1,1,4,2,2,"470,00",3,"156,67",2,1,3,"9,89",4,2,6
1,1,3,1,1,1,1,2,3,4,2,2,"637,00",4,"159,25",2,1,2,"9,89",5,2,6
2,1,1,1,5,1,3,4,3,2,2,2,"160,00",1,"160,00",2,1,5,"9,89",2,2,6
2,1,3,1,5,1,1,1,1,3,2,2,"507,00",3,"169,00",1,1,5,"9,88",2,2,6
2,1,3,1,1,1,1,1,3,4,2,2,"694,00",4,"173,50",1,1,5,"9,88",4,2,6
2,1,3,1,1,1,1,1,3,4,2,2,"530,00",3,"176,67",2,1,3,"9,87",2,2,6
1,1,3,1,1,1,1,1,3,4,2,2,"530,00",3,"176,67",2,1,2,"9,87",4,2,6
2,1,3,1,1,1,1,1,3,4,2,2,"537,00",3,"179,00",2,1,5,"9,87",4,2,6
1,1,3,1,1,1,1,2,3,4,2,2,"730,00",4,"182,50",1,1,2,"9,87",5,2,6
1,1,3,1,1,1,1,1,1,4,2,2,"558,00",3,"186,00",2,1,5,"9,87",4,2,6
2,1,3,1,4,2,1,1,3,4,2,2,"750,00",4,"187,50",1,1,3,"9,87",5,2,6
1,1,3,1,1,1,1,4,3,4,2,2,"1.319,00",7,"188,43",2,1,1,"9,87",4,2,6
1,1,1,1,1,1,1,2,3,4,2,2,"570,00",3,"190,00",2,1,2,"9,86",5,2,6
2,1,3,1,0,2,1,1,1,4,2,2,"954,00",5,"190,80",1,1,3,"9,86",5,2,6
1,1,3,1,1,1,2,1,3,4,2,2,"777,00",4,"194,25",2,1,5,"9,86",5,2,6
2,1,3,1,1,1,1,1,3,4,2,2,"1.388,00",7,"198,29",2,1,1,"9,86",5,2,6
1,1,3,1,1,1,1,1,3,4,2,2,"400,00",2,"200,00",2,1,5,"9,86",4,2,6
1,1,3,1,1,1,1,1,3,4,2,2,"1.037,00",5,"207,40",2,1,1,"9,85",4,2,6
1,1,3,1,1,1,1,1,3,4,2,2,"650,00",3,"216,67",1,1,5,"9,85",2,2,6
2,1,1,1,1,1,1,2,3,2,2,2,"650,00",3,"216,67",2,1,5,"9,85",2,2,6
1,1,3,1,1,1,1,1,3,4,2,2,"1.111,00",5,"222,20",1,1,5,"9,84",6,2,6
1,1,3,1,4,1,3,1,3,4,2,2,"450,00",2,"225,00",2,1,5,"9,84",5,2,6
1,1,1,1,1,1,1,1,3,4,2,2,"900,00",4,"225,00",2,1,3,"9,84",4,2,6
2,1,3,1,1,1,2,2,3,4,2,2,"689,00",3,"229,67",2,1,3,"9,84",5,2,6
1,1,3,1,1,1,1,1,3,4,2,2,"700,00",3,"233,33",2,1,5,"9,83",5,2,6
2,1,3,1,1,2,1,1,2,4,2,2,"937,00",4,"234,25",1,1,5,"9,83",4,2,6
2,1,3,1,1,1,1,1,3,4,2,2,"709,00",3,"236,33",1,1,5,"9,83",4,2,6
2,1,3,1,4,1,1,1,3,4,2,2,"954,00",4,"238,50",2,2,2,"9,83",0,2,4
2,1,3,1,1,2,1,1,3,4,2,2,"960,00",4,"240,00",1,1,1,"9,83",4,2,3
2,1,3,1,1,1,1,1,3,4,2,2,"1.236,00",5,"247,20",1,2,3,"9,82",6,2,6
2,1,3,1,2,1,1,4,3,4,2,2,"500,00",2,"250,00",2,1,5,"9,82",2,2,6
2,1,3,1,2,1,1,0,3,4,2,2,"500,00",2,"250,00",2,1,3,"9,82",4,2,6
1,1,3,1,1,1,1,1,1,4,2,2,"750,00",3,"250,00",2,1,3,"9,82",4,2,6
1,1,3,1,4,2,2,0,3,4,2,2,"750,00",3,"250,00",2,1,1,"9,82",5,2,6
2,1,3,1,1,1,1,4,3,4,2,2,"1.017,42",4,"254,36",1,1,3,"9,82",5,2,6
1,1,3,1,1,1,1,4,3,4,2,2,"1.024,00",4,"256,00",2,1,1,"9,82",4,2,6
1,1,3,1,2,1,1,3,3,4,2,2,"770,00",3,"256,67",2,1,2,"9,82",2,2,6
1,1,3,1,1,1,1,1,3,4,2,2,"1.037,00",4,"259,25",1,1,5,"9,82",2,2,6
1,1,3,1,1,1,1,2,3,4,2,1,"1.300,00",5,"260,00",1,1,1,"9,82",5,2,6
2,1,1,1,1,1,1,4,3,4,2,2,"1.042,00",4,"260,50",2,1,3,"9,81",4,2,6
2,1,3,1,1,1,1,1,3,4,2,2,"1.311,00",5,"262,20",2,1,3,"9,81",2,2,6
2,1,3,1,4,1,1,1,1,4,2,2,"1.054,00",4,"263,50",2,1,3,"9,81",6,2,6
1,1,3,1,1,2,2,1,1,4,2,2,"1.065,72",4,"266,43",1,2,3,"9,81",5,2,6
2,1,3,1,1,2,1,1,3,4,2,2,"800,00",3,"266,67",2,1,3,"9,81",5,2,6
2,1,1,1,1,1,1,4,3,4,2,2,"800,00",3,"266,67",2,1,3,"9,81",4,2,6
1,1,3,1,1,1,1,1,3,4,2,2,"1.076,88",4,"269,22",1,1,1,"9,81",4,2,6
2,1,3,1,1,1,1,1,3,4,2,2,"1.084,00",4,"271,00",1,1,1,"9,81",6,2,6
1,1,3,1,1,1,1,1,3,4,2,2,"1.908,00",7,"272,57",1,1,3,"9,81",5,2,6
1,1,3,1,1,1,1,2,3,4,2,2,"1.091,00",4,"272,75",2,1,1,"9,81",5,2,6
2,1,3,1,1,1,3,1,3,4,2,2,"1.094,03",4,"273,51",2,1,3,"9,81",5,2,5
2,1,3,1,1,1,1,1,3,1,2,2,"550,00",2,"275,00",2,1,1,"9,80",4,2,6
1,1,3,1,5,2,1,4,1,4,2,2,"570,00",2,"285,00",1,1,3,"9,80",4,1,6
1,1,1,1,1,1,1,4,3,2,2,2,"1.142,00",4,"285,50",1,1,3,"9,80",4,2,6
1,1,3,1,1,2,2,1,3,4,2,2,"1.147,00",4,"286,75",2,1,1,"9,80",5,2,6
2,1,1,1,1,1,1,4,3,4,2,2,"2.298,00",8,"287,25",2,2,1,"9,80",5,2,6
1,1,3,1,1,1,1,1,3,2,2,2,"1.150,00",4,"287,50",2,1,1,"9,80",4,2,3
1,1,3,1,1,1,1,2,3,4,2,2,"1.155,00",4,"288,75",1,1,1,"9,79",4,2,6
1,1,1,1,1,2,1,1,3,4,2,2,"1.485,00",5,"297,00",2,1,1,"9,79",4,2,6
1,1,3,1,3,2,1,4,3,4,2,2,"300,00",1,"300,00",2,1,5,"9,79",2,2,6
2,1,1,1,1,1,3,1,1,4,2,2,"900,00",3,"300,00",2,1,3,"9,79",4,2,6
2,1,1,1,2,1,1,1,3,4,2,2,"600,00",2,"300,00",1,1,2,"9,79",4,2,3
2,1,1,1,1,1,1,1,1,4,2,2,"1.500,00",5,"300,00",1,1,1,"9,79",4,2,3
1,1,1,1,1,2,1,1,2,4,2,2,"1.220,00",4,"305,00",2,1,3,"9,78",5,2,4
2,1,3,1,1,1,1,1,3,1,2,2,"916,00",3,"305,33",2,1,2,"9,78",4,2,6
2,1,1,1,4,1,1,1,3,4,2,2,"930,00",3,"310,00",2,1,5,"9,78",5,2,6
2,1,3,1,1,1,1,1,3,4,2,2,"1.552,00",5,"310,40",1,1,1,"9,78",4,2,6
1,1,3,1,1,2,1,1,3,4,1,2,"937,00",3,"312,33",1,1,3,"9,78",5,2,6
2,1,3,1,1,1,1,4,3,4,2,2,"954,00",3,"318,00",2,1,5,"9,77",5,2,6
2,1,3,1,1,1,1,1,3,4,2,2,"954,00",3,"318,00",2,1,1,"9,77",4,2,5
1,1,3,1,1,1,1,4,3,4,2,2,"954,00",3,"318,00",2,1,3,"9,77",4,2,6
2,1,1,1,1,1,1,1,1,4,2,2,"954,00",3,"318,00",2,1,1,"9,77",4,2,6
1,1,1,1,1,1,1,1,1,4,2,2,"954,00",3,"318,00",1,1,3,"9,77",5,2,4
2,1,3,1,1,2,1,1,2,4,2,2,"954,00",3,"318,00",1,1,2,"9,77",4,2,3
1,1,0,1,1,1,1,4,1,4,2,2,"954,00",3,"318,00",2,1,1,"9,77",4,2,3
1,1,1,1,1,1,2,1,3,4,2,2,"954,00",3,"318,00",2,1,3,"9,77",5,2,4
1,1,3,1,1,1,1,1,3,4,2,2,"954,00",3,"318,00",2,1,2,"9,77",4,2,5
2,1,1,1,4,1,1,1,3,4,2,2,"960,00",3,"320,00",2,1,5,"9,77",5,2,5
2,1,3,1,1,1,1,1,3,4,2,2,"1.622,00",5,"324,40",2,1,1,"9,77",4,2,3
1,1,3,1,4,1,1,1,3,4,2,2,"650,00",2,"325,00",1,1,5,"9,77",5,2,6
1,1,3,1,1,1,3,1,3,4,2,2,"975,00",3,"325,00",2,1,5,"9,77",4,2,6
1,1,3,1,1,1,1,1,1,4,2,2,"989,00",3,"329,67",2,1,1,"9,77",4,2,6
2,1,3,1,1,1,2,2,3,4,2,2,"990,00",3,"330,00",2,1,5,"9,77",4,2,6
1,1,1,1,1,1,1,2,3,4,2,2,"1.662,38",5,"332,48",2,1,3,"9,76",5,2,6
2,1,3,1,1,1,1,1,3,4,2,2,"1.000,00",3,"333,33",2,1,1,"9,76",5,2,5
2,1,3,1,1,1,1,2,3,4,2,2,"1.354,00",4,"338,50",1,2,5,"9,76",2,2,6
1,1,3,1,1,1,1,1,4,4,2,2,"689,00",2,"344,50",1,1,2,"9,75",5,2,6
1,1,1,1,1,2,1,1,3,4,2,2,"1.723,00",5,"344,60",2,1,5,"9,75",4,2,4
1,1,3,1,1,1,2,2,3,4,2,2,"1.043,00",3,"347,67",2,1,1,"9,75",4,2,4
2,1,3,1,1,2,1,1,3,4,2,2,"1.049,00",3,"349,67",1,1,5,"9,75",4,2,6
2,1,3,1,1,1,1,4,3,4,2,2,"1.050,00",3,"350,00",2,1,3,"9,75",2,2,6
2,1,1,1,3,1,1,1,3,1,2,2,"350,00",1,"350,00",2,1,2,"9,75",2,2,5
2,1,3,1,4,1,1,3,3,2,2,2,"700,00",2,"350,00",2,1,2,"9,75",4,2,4
1,1,1,1,1,1,1,1,3,4,2,2,"1.402,00",4,"350,50",1,1,2,"9,75",4,2,6
1,1,3,1,1,1,1,1,1,4,2,2,"1.055,08",3,"351,69",2,1,2,"9,75",4,2,3
2,1,3,1,1,2,1,1,3,4,2,2,"1.065,00",3,"355,00",2,1,5,"9,75",5,2,6
1,1,3,1,1,1,2,1,3,4,2,1,"1.068,00",3,"356,00",1,1,3,"9,75",4,2,6
2,1,3,1,1,1,1,2,3,4,2,2,"1.071,00",3,"357,00",1,1,2,"9,75",5,2,5
1,1,1,1,1,1,1,1,3,4,2,2,"1.072,00",3,"357,33",2,1,1,"9,75",4,2,6
1,1,3,1,1,2,1,4,3,4,2,2,"1.443,00",4,"360,75",2,1,2,"9,74",6,2,4
1,1,3,1,1,1,1,4,3,4,2,2,"1.450,00",4,"362,50",2,1,5,"9,74",5,2,4
2,1,3,1,1,2,1,4,3,4,2,2,"1.100,00",3,"366,67",1,1,2,"9,74",5,2,6
2,1,3,1,1,1,1,2,3,4,2,2,"737,00",2,"368,50",2,1,1,"9,74",2,2,3
2,1,3,1,1,1,1,1,3,4,2,2,"1.113,00",3,"371,00",2,1,1,"9,74",4,2,5
2,1,3,1,0,1,1,2,1,4,2,1,"1.497,34",4,"374,34",2,1,5,"9,73",4,2,3
1,1,1,1,1,2,1,1,3,4,2,1,"1.506,00",4,"376,50",2,1,2,"9,73",5,2,3
2,1,1,1,4,1,1,1,3,4,2,2,"1.908,00",5,"381,60",2,1,5,"9,73",4,2,6
2,1,3,1,5,2,1,1,3,4,2,2,"1.908,00",5,"381,60",1,2,1,"9,73",5,2,6
1,1,3,1,1,1,3,1,3,4,2,1,"1.154,00",3,"384,67",1,2,3,"9,73",5,1,6
2,1,3,1,1,2,1,1,2,4,2,2,"1.163,00",3,"387,67",1,1,2,"9,72",4,2,4
1,1,1,1,1,1,1,1,1,2,2,2,"1.166,00",3,"388,67",2,1,3,"9,72",5,2,3
1,1,3,1,1,1,1,1,3,4,2,2,"1.577,00",4,"394,25",2,1,3,"9,72",4,2,3
1,1,3,1,1,1,1,1,3,4,2,2,"1.598,00",4,"399,50",2,1,3,"9,72",5,2,5
1,1,3,1,4,2,1,1,3,4,2,2,"1.200,00",3,"400,00",1,1,2,"9,72",2,2,3
2,1,3,1,0,2,1,1,1,4,2,2,"800,00",2,"400,00",2,1,3,"9,72",4,2,6
1,1,3,1,1,1,1,4,3,4,2,2,"800,00",2,"400,00",1,1,5,"9,72",5,2,6
1,1,3,1,1,1,1,1,3,4,2,2,"1.606,00",4,"401,50",1,1,3,"9,71",4,2,3
2,1,3,1,0,1,1,1,3,4,2,2,"R$ 1. 614,71",4,"403,67",1,2,5,"9,71",2,2,5
2,1,3,1,1,1,3,1,3,4,2,2,"1.623,00",4,"405,75",2,1,1,"9,71",5,2,3
2,1,3,1,1,1,1,4,3,4,2,2,"1.644,30",4,"411,08",1,1,1,"9,71",4,2,5
2,1,3,1,1,1,1,1,3,4,2,2,"1.237,00",3,"412,33",2,1,2,"9,71",4,2,3
1,1,1,1,1,1,1,1,3,4,2,1,"2.475,00",6,"412,50",2,1,2,"9,71",4,2,3
1,1,3,1,1,1,1,1,1,4,2,2,"2.075,00",5,"415,00",2,1,1,"9,70",4,2,4
2,1,1,1,1,1,3,2,1,4,2,2,"1.246,00",3,"415,33",2,1,5,"9,70",4,2,4
2,1,3,1,1,2,2,1,3,4,2,2,"1.254,00",3,"418,00",1,1,3,"9,70",5,2,4
1,1,3,1,1,2,3,1,1,4,2,2,"1.680,00",4,"420,00",2,1,2,"9,70",4,2,5
2,1,3,1,1,1,1,4,3,4,2,2,"1.262,00",3,"420,67",2,1,3,"9,70",4,2,4
2,1,3,1,1,1,1,3,3,4,2,2,"1.710,00",4,"427,50",1,1,2,"9,70",4,2,3
1,1,3,1,4,1,1,1,1,4,2,2,"2.576,00",6,"429,33",2,1,1,"9,69",4,2,4
1,1,3,1,1,1,1,1,3,4,2,2,"1.725,00",4,"431,25",2,1,5,"9,69",4,2,3
2,1,3,1,1,2,1,1,2,4,2,2,"1.732,00",4,"433,00",2,2,2,"9,69",4,2,4
1,1,3,1,1,2,1,4,2,4,2,2,"1.299,17",3,"433,06",1,1,2,"9,69",4,2,3
1,1,1,1,1,1,1,2,3,4,2,2,"2.220,00",5,"444,00",2,2,3,"9,68",4,2,6
2,1,3,1,3,1,1,4,3,2,2,2,"450,00",1,"450,00",2,1,5,"9,68",2,2,6
1,1,3,1,3,1,1,1,3,1,2,2,"450,00",1,"450,00",1,1,5,"9,68",2,2,6
1,1,3,1,1,2,1,4,3,1,2,2,"1.352,00",3,"450,67",1,1,2,"9,68",0,2,6
2,1,3,1,2,1,1,1,3,4,2,2,"1.377,00",3,"459,00",1,1,2,"9,67",2,2,5
1,1,3,1,1,2,1,1,1,4,2,2,"2.295,60",5,"459,12",2,1,1,"9,67",4,2,3
1,1,3,1,1,1,1,3,3,4,2,2,"1.840,00",4,"460,00",2,1,2,"9,67",2,2,3
2,1,3,1,1,1,1,1,3,4,2,2,"1.395,50",3,"465,17",1,1,1,"9,67",4,2,5
1,1,3,1,1,2,1,1,3,4,2,2,"1.888,00",4,"472,00",1,1,3,"9,66",5,2,6
2,1,3,1,1,2,1,1,3,4,2,2,"2.834,00",6,"472,33",1,1,1,"9,66",4,2,4
2,1,3,1,1,1,1,4,3,4,2,1,"948,00",2,"474,00",1,1,3,"9,66",4,2,6
2,1,3,1,1,1,1,1,1,4,2,1,"2.372,00",5,"474,40",1,1,1,"9,66",4,2,3
2,1,3,1,1,1,1,1,3,4,2,2,"1.425,92",3,"475,31",2,1,2,"9,66",4,2,4
1,1,3,1,1,1,1,1,3,1,2,2,"954,00",2,"477,00",2,1,2,"9,66",4,2,4
1,1,3,1,1,1,1,4,3,4,2,2,"954,00",2,"477,00",2,1,5,"9,66",4,2,6
1,1,3,1,1,1,1,2,3,4,2,2,"954,00",2,"477,00",2,1,3,"9,66",4,2,3
1,1,1,1,4,1,1,4,3,1,2,2,"954,00",2,"477,00",1,1,5,"9,66",4,2,4
2,1,3,1,1,1,1,1,3,4,2,2,"954,00",2,"477,00",2,2,5,"9,66",5,2,4
2,1,3,1,1,1,1,2,3,4,2,2,"954,00",2,"477,00",1,1,5,"9,66",2,2,6
1,1,1,1,1,1,1,4,3,4,2,2,"954,00",2,"477,00",2,1,5,"9,66",4,2,6
2,1,3,1,1,1,1,1,3,4,2,2,"1.908,00",4,"477,00",2,2,3,"9,66",5,2,4
2,1,3,1,1,1,1,1,3,4,2,2,"954,00",2,"477,00",1,1,3,"9,66",5,2,4
1,1,1,1,1,1,1,1,3,4,2,2,"954,00",2,"477,00",2,1,2,"9,66",4,2,6
2,1,3,1,1,1,1,1,3,4,2,2,"954,00",2,"477,00",1,2,1,"9,66",5,2,5
1,1,3,1,2,2,1,1,4,4,2,2,"954,00",2,"477,00",2,1,3,"9,66",2,2,6
2,1,3,1,1,1,1,1,3,4,2,2,"954,00",2,"477,00",2,1,5,"9,66",6,2,3
2,1,3,1,1,1,1,1,3,4,2,2,"954,00",2,"477,00",2,1,3,"9,66",5,2,3
2,1,3,1,5,1,1,3,1,4,2,2,"1.440,00",3,"480,00",2,1,5,"9,66",4,2,6
1,1,3,1,1,2,1,1,3,4,2,2,"1.959,00",4,"489,75",2,1,2,"9,65",5,2,3
2,1,3,1,5,2,2,1,1,2,2,2,"2.499,00",5,"499,80",2,2,1,"9,64",4,2,4
2,1,3,1,1,1,2,0,3,4,2,2,"1.000,00",2,"500,00",2,1,5,"9,64",4,2,4
1,1,3,1,1,2,1,1,3,4,2,2,"1.500,00",3,"500,00",1,1,1,"9,64",2,2,5
2,1,1,1,1,1,1,4,3,2,2,2,"2.003,00",4,"500,75",2,2,1,"9,64",4,2,5
2,1,3,1,1,1,2,1,3,4,2,2,"2.031,00",4,"507,75",2,1,5,"9,64",5,2,4
2,1,3,1,1,1,1,1,3,4,2,2,"1.020,00",2,"510,00",2,1,1,"9,64",4,2,3
1,1,3,1,1,1,1,1,3,1,2,2,"1.021,72",2,"510,86",2,1,2,"9,64",4,2,6
2,1,3,1,1,1,2,1,1,4,2,2,"2.070,92",4,"517,73",1,1,5,"9,63",4,2,3
2,1,3,1,1,1,1,1,1,4,2,2,"1.584,00",3,"528,00",2,1,5,"9,62",4,2,3
1,1,3,1,1,1,1,1,3,4,2,2,"2.151,00",4,"537,75",2,1,1,"9,62",4,2,3
1,1,3,1,1,1,1,1,1,4,2,2,"2.167,00",4,"541,75",2,1,2,"9,61",4,2,4
2,1,1,1,1,1,1,1,1,2,2,2,"1.628,00",3,"542,67",2,1,1,"9,61",5,2,6
2,1,1,1,1,1,1,1,3,2,2,2,"2.190,00",4,"547,50",2,1,1,"9,61",4,2,4
2,1,3,1,1,1,1,1,1,2,2,1,"1.648,00",3,"549,33",2,1,3,"9,61",4,1,3
2,1,3,1,1,1,3,1,3,4,2,2,"1.654,00",3,"551,33",2,1,3,"9,61",4,2,6
2,1,3,1,1,1,1,2,3,2,2,2,"2.208,00",4,"552,00",2,1,3,"9,61",5,2,5
2,1,3,1,2,1,1,1,3,4,2,2,"2.223,00",4,"555,75",2,1,2,"9,60",4,2,5
1,1,3,1,1,1,1,1,1,1,2,2,"1.114,00",2,"557,00",2,1,3,"9,60",4,2,5
1,1,3,1,1,1,1,1,3,4,2,2,"1.120,00",2,"560,00",2,1,3,"9,60",5,2,3
2,1,3,1,5,1,1,4,1,4,2,2,"566,60",1,"566,60",1,1,2,"9,60",2,2,6
1,1,3,1,1,1,1,2,3,3,2,1,"1.700,00",3,"566,67",2,1,2,"9,60",2,2,3
2,1,3,1,4,1,2,1,3,4,2,2,"2.268,00",4,"567,00",1,1,1,"9,60",4,2,5
1,1,1,1,1,1,1,4,3,4,2,2,"1.716,71",3,"572,24",2,1,2,"9,59",4,2,4
2,1,3,1,1,1,1,1,3,4,2,2,"2.300,00",4,"575,00",1,1,2,"9,59",5,2,3
1,1,1,1,1,1,1,1,3,4,2,2,"2.300,00",4,"575,00",2,1,2,"9,59",5,2,3
2,1,3,1,1,1,1,1,3,4,2,2,"1.150,00",2,"575,00",2,2,1,"9,59",5,2,4
2,1,3,1,1,1,1,1,3,1,2,1,"2.984,00",5,"596,80",2,1,1,"9,58",2,2,5
2,1,3,1,1,1,1,1,3,3,2,2,"2.984,00",5,"596,80",2,1,1,"9,58",5,2,5
1,1,3,1,1,1,1,1,3,4,2,2,"1.801,00",3,"600,33",2,1,2,"9,57",4,2,4
2,1,3,1,1,1,1,2,3,4,2,2,"3.044,80",5,"608,96",2,2,2,"9,57",4,2,3
2,1,3,1,1,1,1,2,3,1,2,2,"2.465,00",4,"616,25",2,1,1,"9,56",2,2,4
1,1,3,1,1,1,1,1,3,4,2,2,"1.908,00",3,"636,00",2,1,2,"9,55",2,2,4
2,1,3,1,4,2,1,1,3,4,2,2,"1.908,00",3,"636,00",2,1,5,"9,55",4,2,3
2,1,3,1,1,2,1,1,3,4,2,2,"1.908,00",3,"636,00",2,1,1,"9,55",4,2,3
2,1,3,1,4,1,1,2,3,4,2,2,"1.908,00",3,"636,00",2,1,1,"9,55",6,2,4
1,1,3,1,1,1,1,1,3,4,2,2,"1.281,62",2,"640,81",2,1,5,"9,54",2,2,6
2,1,3,1,1,1,1,4,3,4,2,2,"3.208,99",5,"641,80",2,2,2,"9,54",4,2,3
2,1,3,1,2,1,1,0,3,4,2,2,"3.208,99",5,"641,80",2,2,2,"9,54",4,2,5
2,1,3,1,1,1,1,4,3,4,2,2,"3.208,99",5,"641,80",2,2,2,"9,54",4,2,3
1,1,1,1,4,1,1,4,3,3,2,2,"3.861,00",6,"643,50",2,1,1,"9,54",2,2,5
1,1,1,1,3,1,1,1,3,4,2,1,"685,00",1,"685,00",1,1,5,"9,51",2,1,5
1,1,1,1,1,2,2,1,2,4,2,2,"2.848,00",4,"712,00",2,2,1,"9,49",4,2,3
2,1,3,1,1,1,2,4,3,4,2,2,"1.445,00",2,"722,50",2,1,2,"9,49",5,2,3
2,1,3,1,1,1,1,2,3,1,2,2,"2.908,00",4,"727,00",2,1,2,"9,48",4,2,3
2,1,1,1,1,2,0,4,3,3,2,2,"1.460,00",2,"730,00",2,2,1,"9,48",4,2,3
2,1,3,1,1,1,1,1,3,4,2,2,"2.934,97",4,"733,74",2,1,2,"9,48",4,2,3
2,1,3,1,1,2,1,4,3,4,2,2,"3.672,90",5,"734,58",2,2,1,"9,48",4,2,5
1,1,3,1,1,1,1,1,3,4,2,2,"2.959,00",4,"739,75",2,1,2,"9,47",4,2,4
1,1,3,1,0,2,1,1,3,4,2,2,"3.707,00",5,"741,40",1,1,3,"9,47",4,2,6
2,1,3,1,4,1,3,1,1,4,2,2,"2.985,00",4,"746,25",2,1,1,"9,47",4,2,3
1,1,1,1,3,2,1,1,1,4,2,2,"3.005,01",4,"751,25",2,1,5,"9,47",4,2,4
2,1,3,1,1,2,1,1,1,4,2,2,"3.773,00",5,"754,60",2,1,1,"9,46",2,2,3
2,1,3,1,1,1,1,1,3,4,2,2,"2.290,00",3,"763,33",2,2,5,"9,46",4,2,3
2,1,3,1,1,1,1,1,1,4,2,1,"1.550,00",2,"775,00",2,1,5,"9,45",2,2,3
2,1,3,1,1,2,1,1,1,4,2,2,"2.345,21",3,"781,74",2,2,2,"9,44",2,2,3
1,1,3,1,1,1,1,1,1,4,2,2,"3.260,00",4,"815,00",2,1,3,"9,42",4,2,3
2,1,3,1,1,2,2,1,3,4,2,2,"3.305,00",4,"826,25",2,2,3,"9,41",4,2,3
1,1,3,1,5,2,2,1,3,4,2,2,"4.150,11",5,"830,02",2,1,1,"9,41",4,2,3
1,1,3,1,1,1,1,1,1,4,2,2,"3.501,00",4,"875,25",2,2,5,"9,38",5,2,3
2,1,3,1,1,1,1,4,3,4,2,2,"3.503,00",4,"875,75",2,1,1,"9,38",5,2,3
2,1,3,1,2,1,3,0,3,4,2,2,"1.787,00",2,"893,50",1,1,5,"9,36",4,2,4
1,1,3,1,1,1,1,1,3,4,2,2,"2.837,00",3,"945,67",2,1,1,"9,33",4,2,3
1,1,1,1,2,1,1,1,3,4,2,2,"954,00",1,"954,00",2,1,5,"9,32",2,2,6
1,1,3,1,1,2,1,4,3,4,2,2,"4.000,00",4,"1.000,00",2,1,2,"9,29",5,2,3
2,1,3,1,4,2,2,4,3,4,2,2,"3.084,66",3,"1.028,22",2,1,2,"9,27",6,2,3
2,1,3,1,1,1,1,1,3,1,2,2,"3.732,15",3,"1.244,05",2,1,1,"9,11",4,2,3
1,1,3,1,1,1,1,1,3,2,2,1,"3.748,00",3,"1.249,33",2,1,5,"9,11",4,2,3
2,1,3,1,1,1,1,4,3,4,2,2,"5.200,00",4,"1.300,00",2,1,1,"9,08",4,2,3
2,1,1,1,1,2,1,4,3,4,2,2,"2.880,00",2,"1.440,00",2,2,3,"8,98",1,2,3
1,1,3,1,5,2,1,0,1,4,2,2,"91,00",1,"91,00",2,1,5,"9,94",4,2,6
1,1,3,1,2,1,1,1,3,4,2,2,"600,00",6,"100,00",2,1,5,"9,93",5,2,6
1,1,1,1,4,2,1,2,3,4,2,2,"374,00",3,"124,67",2,1,5,"9,91",5,2,6
1,1,3,1,2,1,1,1,3,4,2,2,"300,00",2,"150,00",2,1,5,"9,89",4,2,6
2,1,3,1,1,1,1,3,3,4,2,2,"1.400,00",7,"200,00",2,1,5,"9,86",5,2,6
2,1,3,1,1,2,1,1,2,4,2,2,"846,00",4,"211,50",2,1,5,"9,85",5,2,6
1,1,3,1,1,2,1,1,3,4,2,2,"954,00",4,"238,50",2,1,5,"9,83",5,2,6
2,1,3,1,1,1,1,1,3,4,2,2,"1.296,00",5,"259,20",2,2,5,"9,82",6,2,6
1,1,3,1,1,1,1,1,3,4,2,2,"1.908,00",7,"272,57",2,1,5,"9,81",6,2,6
2,1,3,1,1,1,1,2,3,4,2,2,"898,00",3,"299,33",2,1,5,"9,79",4,2,6
1,1,3,1,1,2,1,1,3,4,2,2,"954,00",3,"318,00",2,1,5,"9,77",4,2,6
1,1,3,1,1,2,1,4,3,1,2,2,"1.352,00",3,"450,67",2,1,5,"9,68",5,2,6
2,1,3,1,5,1,1,4,1,4,2,2,"477,00",1,"477,00",2,1,5,"9,66",4,2,6
2,1,3,1,3,2,2,1,1,4,2,2,"1.454,00",3,"484,67",2,1,5,"9,66",6,2,6
1,1,3,1,4,1,1,0,1,4,2,2,"1.997,00",4,"499,25",2,1,5,"9,64",4,2,6
2,1,3,1,4,2,1,1,3,4,2,2,"700,00",4,"175,00",2,1,5,"9,88",5,2,6
1,1,3,1,1,1,1,1,1,4,2,2,"489,00",2,"244,50",2,1,1,"9,83",5,2,6
1,1,3,1,1,1,1,1,3,4,2,2,"580,00",5,"116,00",2,1,5,"9,92",5,2,6
1,1,3,1,5,2,0,1,3,4,2,2,"2.613,00",5,"522,60",2,1,5,"9,63",2,2,6
2,1,3,1,1,1,1,1,3,4,2,2,"1.552,00",5,"310,40",2,1,1,"9,78",4,2,6
2,1,3,1,1,2,2,1,3,4,2,2,"1.123,00",3,"374,33",2,1,5,"9,73",4,2,6
1,1,1,1,1,1,1,1,3,4,2,2,"995,00",6,"165,83",2,1,5,"9,88",5,2,6
2,1,3,1,1,1,1,4,3,4,2,2,"600,00",3,"200,00",2,1,5,"9,86",4,2,6
1,1,3,1,1,1,1,1,3,4,2,2,"1.010,00",4,"252,50",2,1,5,"9,82",4,2,6
2,1,3,1,1,1,1,1,3,4,2,2,"450,00",6,"75,00",2,1,5,"9,95",4,2,6
2,1,3,1,1,1,1,1,3,4,2,2,"1.132,00",4,"283,00",2,1,5,"9,80",6,2,6
1,1,3,1,1,2,1,4,3,4,2,2,"1.500,00",4,"375,00",2,1,5,"9,73",0,2,6
1,1,3,1,4,1,1,2,3,4,2,2,"1.684,00",4,"421,00",2,1,5,"9,70",4,2,6
2,1,3,1,2,1,1,4,3,4,2,2,"250,00",2,"125,00",2,1,5,"9,91",4,2,5
1,1,3,1,1,1,1,4,3,4,2,2,"800,00",2,"400,00",2,1,5,"9,72",5,2,5
2,1,1,1,2,1,1,1,3,4,2,2,"600,00",2,"300,00",2,1,1,"9,79",4,2,5
2,1,3,1,1,2,1,1,3,4,2,2,"950,00",4,"237,50",2,1,5,"9,83",5,2,5
2,1,3,1,5,2,1,1,1,4,2,2,"954,00",4,"238,50",2,1,5,"9,83",5,2,5
2,1,3,1,1,1,1,1,3,4,2,2,"1.650,00",5,"330,00",2,2,5,"9,77",4,2,5
2,1,3,1,1,1,1,2,3,4,2,2,"1.084,00",3,"361,33",2,1,5,"9,74",4,2,5
2,1,3,1,5,1,1,1,1,1,2,2,"874,00",3,"291,33",2,1,5,"9,79",2,2,5
2,1,3,1,1,2,1,1,3,4,2,2,"1.377,00",6,"229,50",2,1,5,"9,84",6,2,5
2,1,3,1,1,2,1,1,3,4,2,2,"960,00",4,"240,00",2,1,5,"9,83",4,2,5
2,1,3,1,1,1,1,1,1,4,2,2,"1.097,00",3,"365,67",2,1,5,"9,74",4,2,5
1,1,3,1,1,1,1,0,3,4,1,2,"650,00",2,"325,00",2,1,0,"9,77",5,2,5
2,1,3,1,1,1,1,4,3,4,2,2,"1.148,00",2,"574,00",2,1,5,"9,59",4,2,5
2,1,3,1,1,2,1,1,3,4,2,2,"1.986,00",3,"662,00",2,1,5,"9,53",5,2,5
2,1,3,1,1,1,1,1,3,4,2,2,"600,00",3,"200,00",2,1,5,"9,86",5,2,5
2,1,3,1,1,1,1,1,1,4,2,2,"954,00",4,"238,50",2,1,5,"9,83",4,2,5
2,1,3,1,1,2,1,1,3,4,1,2,"1.071,00",3,"357,00",2,1,5,"9,75",4,2,5
1,1,3,1,1,2,1,1,3,4,2,2,"1.100,00",3,"366,67",2,1,1,"9,74",2,2,5
2,1,3,1,1,2,1,1,3,4,2,2,"1.908,00",5,"381,60",2,2,5,"9,73",5,2,5
2,1,1,1,1,1,1,1,1,4,2,2,"1.400,00",5,"280,00",2,1,5,"9,80",6,2,5
2,1,1,1,1,1,1,1,3,4,2,2,"1.540,00",5,"308,00",2,1,5,"9,78",5,2,5
2,1,3,1,1,1,1,2,3,4,2,2,"954,00",2,"477,00",2,1,5,"9,66",4,2,5
1,1,1,1,4,1,1,1,3,4,2,2,"1.004,00",2,"502,00",2,1,5,"9,64",6,2,4
2,1,3,1,4,1,1,0,3,4,2,2,"954,00",3,"318,00",2,1,1,"9,77",5,2,4
1,1,3,1,1,2,2,1,3,4,2,2,"1.060,00",3,"353,33",2,1,5,"9,75",4,2,4
2,1,3,1,1,2,1,1,2,4,2,2,"1.549,00",4,"387,25",2,2,5,"9,72",4,2,4
1,1,1,1,1,1,1,1,3,4,2,2,"854,00",3,"284,67",2,1,5,"9,80",4,2,4
1,1,3,1,1,2,1,1,3,4,2,2,"937,00",3,"312,33",2,1,5,"9,78",5,2,4
1,1,3,1,1,1,1,1,3,4,2,2,"1.000,00",3,"333,33",2,1,5,"9,76",4,2,4
2,1,3,1,1,1,1,1,3,4,2,2,"1.070,00",3,"356,67",2,1,5,"9,75",4,2,4
2,1,3,1,1,2,1,1,3,4,2,2,"1.931,00",5,"386,20",2,1,5,"9,73",4,2,4
1,1,3,1,2,1,1,1,3,4,2,2,"450,00",1,"450,00",2,1,5,"9,68",4,2,4
1,1,3,1,5,2,1,1,3,4,2,2,"1.888,92",4,"472,23",2,1,5,"9,66",5,2,4
2,1,3,1,4,1,1,1,1,4,2,2,"2.370,00",5,"474,00",2,1,5,"9,66",4,2,4
1,1,3,1,1,1,1,2,3,4,2,2,"1.089,00",4,"272,25",2,1,1,"9,81",4,2,4
2,1,3,1,2,1,1,1,3,4,2,2,"1.377,00",3,"459,00",2,1,5,"9,67",4,2,4
2,1,3,1,3,2,1,1,3,4,2,2,"864,00",1,"864,00",2,1,5,"9,39",4,2,4
2,1,3,1,1,1,2,1,3,4,2,2,"2.262,00",4,"565,50",2,1,5,"9,60",5,2,4
2,1,3,1,1,1,1,1,3,4,2,2,"1.277,00",4,"319,25",2,1,5,"9,77",5,2,4
2,1,3,1,1,1,1,4,3,4,2,2,"1.200,00",3,"400,00",2,1,5,"9,72",2,2,4
2,1,3,1,1,1,1,4,3,4,2,2,"1.448,00",4,"362,00",2,1,1,"9,74",2,2,4
1,1,3,1,1,1,1,1,3,4,2,2,"1.300,00",4,"325,00",2,1,1,"9,77",2,2,3
1,1,3,1,1,1,1,4,3,4,2,2,"1.035,00",4,"258,75",2,1,1,"9,82",5,2,3
2,1,3,1,1,1,1,1,3,4,2,2,"4.594,00",5,"918,80",2,1,5,"9,35",5,2,4
1,1,3,1,5,1,1,4,1,3,2,2,"900,00",1,"900,00",2,1,5,"9,36",4,2,3
1,1,3,1,1,1,1,1,3,4,2,2,"1.575,00",4,"393,75",2,1,5,"9,72",4,2,3
1,1,0,1,4,1,1,1,3,1,2,2,"954,00",2,"477,00",2,1,5,"9,66",5,2,3
2,1,3,1,1,1,2,1,3,4,2,2,"2.000,00",4,"500,00",2,1,5,"9,64",4,2,3
2,1,3,1,2,1,1,4,3,4,2,2,"1.350,00",2,"675,00",2,1,5,"9,52",4,2,3
2,1,3,1,4,1,1,1,3,4,2,2,"1.614,00",4,"403,50",2,1,5,"9,71",4,2,3
2,1,1,1,1,1,1,1,1,4,2,2,"954,00",2,"477,00",2,1,5,"9,66",4,2,3
2,1,3,1,1,1,1,2,3,1,2,2,"1.269,16",3,"423,05",2,1,5,"9,70",5,2,3
2,1,3,1,1,1,1,1,3,4,2,2,"2.140,00",4,"535,00",2,1,5,"9,62",4,2,3
2,1,3,1,1,1,1,1,3,4,2,2,"1.908,00",2,"954,00",2,1,5,"9,32",5,2,3
2,1,3,1,1,2,1,1,2,4,2,2,"954,00",3,"318,00",2,1,5,"9,77",4,2,3
1,1,1,1,1,1,1,1,3,4,2,2,"1.484,00",2,"742,00",2,1,5,"9,47",4,2,3
1,1,3,1,1,1,1,1,3,4,2,2,"1.402,00",4,"350,50",2,1,1,"9,75",5,2,3
2,1,3,1,1,2,1,1,2,4,2,2,"1.163,00",3,"387,67",2,1,5,"9,72",4,2,3
2,1,3,1,1,1,1,3,2,4,2,2,"1.626,00",4,"406,50",2,1,5,"9,71",4,2,3
2,1,3,1,1,1,1,4,3,4,2,2,"1.554,00",2,"777,00",2,1,5,"9,45",5,2,3
1,1,3,1,1,1,1,1,3,4,2,2,"2.390,00",4,"597,50",2,1,5,"9,57",4,2,3
2,1,3,1,1,1,1,1,3,4,2,2,"1.000,00",4,"250,00",2,1,5,"9,82",5,2,3
2,1,3,1,1,1,1,1,3,4,2,2,"1.954,00",3,"651,33",2,1,5,"9,54",4,2,3
2,1,1,1,1,1,1,4,1,4,2,2,"3.942,00",5,"788,40",2,1,1,"9,44",2,2,3
2,1,1,1,1,1,1,1,3,4,2,2,"2.085,00",4,"521,25",2,1,5,"9,63",4,2,3
2,1,3,1,1,1,1,1,3,4,2,2,"954,00",2,"477,00",2,1,5,"9,66",5,2,3
2,1,3,1,1,1,1,1,3,4,2,2,"2.300,00",4,"575,00",2,1,5,"9,59",5,2,3
1,1,3,1,1,2,1,4,2,4,2,2,"1.299,00",3,"433,00",2,1,5,"9,69",4,2,3
2,1,3,1,3,2,2,1,3,4,2,2,"2.200,00",4,"550,00",2,1,5,"9,61",4,2,3
1,1,3,1,1,1,1,4,1,4,2,2,"1.941,00",3,"647,00",2,1,5,"9,54",4,2,3
1,1,3,1,4,2,1,1,3,4,2,2,"1.558,00",3,"519,33",2,1,5,"9,63",4,2,2
1,1,3,1,1,1,1,1,3,4,2,2,"2.258,00",4,"564,50",2,1,1,"9,60",4,2,2
1,1,3,1,1,2,1,1,3,4,2,2,"2.527,00",5,"505,40",2,1,5,"9,64",4,2,2
2,1,3,1,1,1,1,2,3,4,2,2,"4.112,00",4,"1.028,00",2,1,5,"9,27",4,2,2
1,1,3,1,1,1,1,1,3,4,2,2,"1.725,00",4,"431,25",2,1,5,"9,69",4,2,2
1,1,3,1,1,1,1,1,1,4,2,2,"1.821,00",4,"455,25",2,1,5,"9,68",4,2,2
2,1,3,1,1,1,1,1,3,4,2,2,"2.131,00",3,"710,33",2,2,5,"9,49",4,2,2
1,1,3,1,1,1,1,1,3,4,2,2,"1.465,00",3,"488,33",2,1,5,"9,65",4,2,2
1,1,3,1,1,1,1,1,1,4,2,2,"2.106,00",5,"421,20",2,1,5,"9,70",4,2,2
2,1,3,1,1,1,1,2,3,4,2,2,"2.420,00",3,"806,67",2,1,5,"9,43",4,2,2
1,1,3,1,1,1,1,1,3,4,2,2,"3.252,00",4,"813,00",2,2,5,"9,42",4,2,2
2,1,1,1,1,1,1,4,3,1,2,2,"954,00",2,"477,00",2,2,5,"9,66",4,2,2
1,1,1,1,1,1,1,1,3,4,2,2,"1.852,00",3,"617,33",2,1,5,"9,56",4,2,2
2,1,3,1,1,2,1,4,3,4,2,2,"2.880,00",2,"1.440,00",2,2,5,"8,98",1,2,2
1,1,3,1,1,1,1,1,3,4,2,2,"2.362,00",4,"590,50",2,1,5,"9,58",4,2,2
2,1,3,1,1,1,1,3,3,4,2,2,"5.078,52",4,"1.269,63",2,1,5,"9,10",2,2,2
1,1,3,1,1,1,1,1,3,4,2,2,"3.031,00",3,"1.010,33",2,1,5,"9,28",4,2,2
2,1,3,1,1,1,1,1,3,4,2,2,"1.237,00",3,"412,33",2,1,5,"9,71",4,2,2
2,1,3,1,1,1,1,1,3,4,2,2,"2.498,00",2,"1.249,00",2,1,5,"9,11",4,2,2
1,1,3,1,1,1,1,1,3,4,2,2,"2.070,00",2,"1.035,00",2,1,5,"9,26",2,2,2
1,1,3,1,1,2,1,1,3,4,2,2,"2.856,00",4,"714,00",2,2,0,"9,49",4,2,2
2,1,3,1,1,2,1,2,3,4,2,1,"400,00",3,"133,33",1,1,5,"9,91",4,2,6
2,1,3,1,1,2,1,1,3,4,2,2,"1.986,00",3,"662,00",2,1,5,"9,53",5,2,5
1,1,3,1,4,2,1,4,1,4,2,2,"2.695,00",3,"898,33",1,1,5,"9,36",5,2,4
1,1,3,1,1,2,1,4,3,4,2,2,"1.500,00",4,"375,00",2,1,5,"9,73",0,2,6
1,1,3,1,4,2,1,4,3,4,2,2,"3.600,00",3,"1.200,00",2,2,5,"9,15",2,2,4
1,1,3,1,4,2,1,1,3,4,2,2,"1.000,00",3,"333,33",1,1,5,"9,76",5,2,5
2,1,3,1,1,2,1,1,2,4,2,2,"1.700,00",4,"425,00",2,2,5,"9,70",4,2,2
1,1,3,1,4,2,1,1,3,4,2,2,"2.101,00",5,"420,20",2,1,5,"9,70",5,2,5
1,1,3,1,1,2,1,4,1,4,2,2,"878,00",5,"175,60",1,1,5,"9,88",5,2,6
1,1,1,1,2,2,1,1,3,4,2,1,"1.754,00",4,"438,50",1,1,5,"9,69",2,1,3
1,1,3,1,1,2,1,1,1,4,2,2,"1.000,00",3,"333,33",1,1,5,"9,66",5,2,5
2,1,3,1,1,2,1,1,3,4,2,1,"3.794,00",6,"632,33",2,1,0,"9,55",5,2,4
2,1,3,1,3,2,2,1,1,4,2,2,"1.454,00",3,"484,67",2,1,5,"9,66",6,2,6
1,1,1,1,1,2,1,4,1,4,2,2,"2.740,00",7,"391,43",2,1,5,"9,68",5,2,4
1,1,3,1,4,2,1,1,3,4,2,2,"2.370,00",4,"592,50",2,2,5,"9,58",2,2,3
1,1,3,1,1,2,1,4,3,1,2,2,"1.352,00",3,"450,67",2,1,5,"9,68",5,2,6
1,1,3,1,5,2,2,1,3,4,2,2,"1.054,00",3,"351,33",2,1,0,"9,94",5,2,6
1,1,3,1,5,2,1,0,1,4,2,2,"91,00",1,"91,00",2,1,5,"9,94",4,2,6
1,1,3,1,1,2,1,1,3,4,2,2,"954,00",3,"318,00",2,1,5,"9,77",4,2,6
1,1,3,1,1,2,1,1,3,4,2,2,"1.908,00",3,"636,00",2,2,5,"9,55",4,2,3
2,1,3,1,3,1,1,1,1,4,2,2,"1.400,00",4,"350,00",2,1,5,"9,75",5,2,4
2,1,3,1,5,2,1,2,1,3,2,2,"954,00",3,"318,00",2,1,5,"9,77",4,2,5
1,1,3,1,5,2,3,1,3,4,2,2,"435,00",6,"72,50",1,1,5,"9,95",2,2,6
1,1,3,1,1,2,1,2,3,4,2,2,"878,00",5,"175,60",1,1,5,"9,88",5,2,6
1,1,3,1,5,2,0,1,3,4,2,2,"2.613,00",5,"522,60",2,1,5,"9,63",2,2,6
1,1,3,1,2,2,1,2,3,4,2,2,"1.980,00",2,"990,00",2,1,5,"9,30",2,2,5
1,1,3,1,1,2,1,1,3,4,2,2,"954,00",4,"238,50",2,1,5,"9,83",5,2,6
2,1,1,1,1,2,1,1,1,2,2,2,"1.132,00",4,"283,00",1,1,5,"9,80",4,2,4
1,1,3,1,1,2,1,2,3,4,2,2,"480,00",3,"160,00",1,1,5,"9,89",4,2,6
1,1,3,1,1,2,3,2,4,4,2,2,"200,00",3,"66,67",1,1,5,"9,95",4,2,6
1,1,3,1,1,2,1,2,2,4,2,2,"937,00",4,"234,25",2,1,5,"9,83",5,2,5
1,1,3,1,1,2,1,2,3,4,2,1,"1.660,00",4,"415,00",1,1,5,"9,70",5,2,5
2,1,3,1,1,1,1,1,1,4,2,2,"2.733,00",5,"546,60",1,1,5,"9,61",4,2,3
1,1,1,1,4,1,1,1,3,3,2,2,"1.953,00",2,"976,50",2,2,5,"9,31",5,2,2
1,1,3,1,1,1,1,1,3,4,2,2,"2.279,00",3,"759,67",2,2,5,"9,46",4,2,2
2,1,3,1,1,1,2,4,3,4,2,2,"950,00",3,"316,67",2,1,5,"9,77",5,2,4
2,1,3,1,1,1,1,1,1,4,2,2,"954,00",3,"318,00",2,1,5,"9,77",5,2,4
1,1,1,1,1,1,1,4,3,4,2,2,"1.716,00",3,"572,00",1,1,5,"9,59",4,2,3
1,1,1,1,3,1,1,0,3,2,2,2,"500,00",1,"500,00",2,1,5,"9,64",2,1,6
2,1,3,1,3,1,1,4,3,4,2,2,"954,00",2,"477,00",1,1,5,"9,32",4,2,6
1,1,1,1,1,1,1,2,3,1,2,1,"1.000,00",2,"500,00",2,1,5,"9,66",4,2,3
2,1,3,1,1,1,1,1,3,4,2,2,"1.638,00",4,"409,50",2,2,5,"9,71",4,2,4
2,1,3,1,1,1,1,1,3,4,2,2,"2.925,69",4,"731,42",2,2,5,"9,48",2,2,2
2,1,3,1,1,1,1,1,3,4,2,2,"1.048,00",3,"349,33",2,1,5,"9,75",4,2,2
2,1,3,1,1,1,1,2,3,4,2,2,"1.280,00",7,"182,86",2,1,5,"9,87",5,2,5
2,1,3,1,1,1,1,1,3,4,2,2,"285,00",7,"40,71",1,1,5,"9,97",4,2,6
2,1,3,1,1,1,1,1,3,4,2,2,"678,00",4,"169,50",1,1,5,"9,88",4,2,5
2,1,3,1,1,1,1,0,3,4,2,2,"940,00",4,"235,00",2,1,5,"9,83",4,2,4
2,1,3,1,1,1,1,1,3,4,2,2,"1.391,00",5,"278,20",2,1,5,"9,80",5,2,3
2,1,1,1,0,1,1,1,3,1,2,2,"740,00",3,"246,67",2,2,0,"9,82",2,2,5
2,1,1,1,2,1,1,3,3,4,2,2,"1.050,00",2,"525,00",2,2,5,"9,63",4,2,5
2,1,3,1,1,1,1,1,3,4,2,2,"2.000,00",4,"500,00",1,1,0,"9,64",4,2,2
1,1,3,1,1,1,1,1,3,3,2,2,"1.520,00",3,"506,67",2,1,5,"9,64",5,2,3
2,1,3,1,1,2,1,1,2,4,2,2,"771,00",2,"385,50",2,1,5,"9,73",4,2,5
1,1,3,1,1,1,1,4,3,4,2,2,"1.610,00",2,"805,00",2,2,5,"9,43",4,2,3
2,1,3,1,1,1,1,1,3,1,2,2,"1.256,00",4,"314,00",2,1,5,"9,78",5,2,2
2,1,1,1,1,1,1,1,3,4,2,2,"1.000,00",3,"333,33",2,1,5,"9,76",4,2,4
2,1,1,1,1,1,1,2,3,4,2,2,"954,00",3,"318,00",2,1,5,"9,77",2,2,5
2,1,3,1,2,2,2,1,3,4,2,1,"1.131,00",3,"377,00",2,1,5,"9,73",4,2,2
2,1,3,1,1,1,1,4,3,4,2,2,"757,00",11,"68,82",1,1,5,"9,95",4,2,6
2,1,3,1,1,1,1,1,1,4,2,2,"954,00",3,"318,00",1,2,5,"9,77",5,2,4
2,1,3,1,1,1,1,2,1,4,2,2,"1.100,00",3,"366,67",2,1,5,"9,74",4,2,3
1,1,3,1,1,1,1,1,3,1,2,2,"350,00",2,"175,00",2,1,5,"9,88",4,2,4
1,1,3,1,1,1,1,1,3,4,2,2,"1.626,00",4,"406,50",2,1,5,"9,71",5,2,2
2,1,3,1,1,1,1,1,3,4,2,2,"954,00",4,"238,50",2,1,5,"9,83",6,2,3
2,1,3,1,1,1,1,2,3,1,2,2,"1.688,00",3,"562,67",2,1,5,"9,60",4,2,3
2,1,3,1,0,1,1,1,4,1,2,2,"400,00",2,"200,00",1,1,5,"9,86",2,2,4
2,1,1,1,2,1,1,1,1,4,2,2,"800,00",2,"400,00",1,1,5,"9,72",2,2,4
2,1,3,1,4,2,1,2,2,4,2,2,"1.000,00",2,"500,00",2,1,5,"9,64",5,2,5
2,1,3,1,1,1,1,4,3,4,2,2,"1.700,00",4,"425,00",1,2,5,"9,70",4,2,3
2,1,3,1,0,1,1,1,3,4,2,2,"600,00",4,"150,00",2,1,5,"9,89",2,2,6
1,1,3,1,4,2,1,1,3,4,2,2,"1.350,00",3,"450,00",1,1,1,"9,68",5,2,5
2,1,3,1,2,1,1,2,3,4,2,2,"795,00",2,"397,50",1,1,5,"9,72",4,2,5
2,1,3,1,1,1,1,4,1,2,2,2,"1.014,00",4,"253,50",2,1,5,"9,82",2,1,2
2,1,3,1,1,1,1,1,3,4,2,2,"954,00",2,"477,00",2,1,5,"9,66",5,2,2
1,1,3,1,1,1,1,2,3,3,2,2,"500,00",2,"250,00",2,1,5,"9,82",1,2,4
1,1,3,1,1,1,1,1,3,4,2,2,"1.161,00",4,"290,25",1,1,5,"9,79",4,2,2
1,1,3,1,1,2,1,1,2,4,2,2,"1.439,00",5,"287,80",2,1,5,"9,80",4,2,5
2,1,3,1,1,1,1,4,1,4,2,2,"3.208,00",5,"641,60",2,2,5,"9,54",4,2,3
2,1,3,1,1,1,1,1,3,4,2,2,"2.150,00",5,"430,00",2,1,5,"9,69",5,2,2
2,1,3,1,1,1,1,2,3,4,2,2,"2.862,00",3,"954,00",2,1,5,"9,32",2,2,3
2,1,3,1,1,1,1,1,3,4,2,2,"641,00",4,"160,25",1,1,5,"9,89",5,2,5
1,1,3,1,1,1,1,4,3,4,2,2,"3.458,00",5,"691,60",2,2,0,"9,51",4,2,2
2,1,3,1,2,1,1,0,3,4,2,2,"374,00",2,"187,00",2,1,5,"9,87",4,2,6
1,1,3,1,1,1,1,2,3,4,2,2,"1.041,00",3,"347,00",1,1,5,"9,75",4,2,3
2,1,3,1,1,1,0,1,3,4,2,2,"954,00",4,"238,50",2,1,5,"9,83",5,2,4
2,1,3,1,1,1,1,2,1,4,2,1,"1.000,00",2,"500,00",1,1,5,"9,64",1,2,2
2,1,3,1,1,1,1,1,3,4,2,2,"954,00",4,"238,50",2,2,5,"9,83",5,2,3
2,1,3,1,1,1,2,1,3,4,2,2,"982,00",3,"327,33",2,1,5,"9,77",4,2,4
1,1,3,1,1,1,1,1,3,4,2,2,"550,00",2,"275,00",1,1,5,"9,80",4,2,4
2,1,3,1,2,1,0,1,3,4,2,2,"1.928,00",4,"482,00",2,1,0,"9,66",0,2,2
1,1,3,1,1,2,1,1,3,4,2,2,"1.138,00",3,"379,33",1,1,5,"9,73",4,2,6
1,1,3,1,1,1,1,1,1,4,2,2,"1.528,00",4,"382,00",1,1,5,"9,73",5,2,4
2,1,1,1,5,2,1,1,3,1,2,2,"2.086,00",3,"695,33",2,1,5,"9,51",4,2,3
1,1,3,1,1,2,2,1,4,4,2,2,"1.536,00",4,"384,00",2,1,5,"9,73",4,2,3
2,1,1,1,1,1,1,1,3,4,2,2,"954,00",3,"318,00",1,1,0,"9,77",4,2,4
1,1,3,1,5,1,1,1,1,4,2,2,"600,00",2,"300,00",2,1,5,"9,79",4,2,6
1,1,3,1,1,1,1,1,1,4,2,2,"1.038,00",2,"519,00",2,1,5,"9,63",4,2,3
1,1,3,1,1,1,1,1,3,4,2,2,"1.904,00",4,"476,00",1,1,5,"9,66",5,2,4
2,1,3,1,1,1,1,1,3,4,2,1,"900,00",3,"300,00",1,1,5,"9,79",4,2,3
1,1,3,1,1,1,1,2,3,4,2,2,"2.691,00",4,"672,75",2,1,5,"9,52",4,2,2
2,1,3,1,0,1,1,1,3,4,2,2,"954,00",3,"318,00",2,1,5,"9,77",5,2,3
1,1,1,1,5,1,1,1,3,2,2,2,"350,00",1,"350,00",2,1,5,"9,75",2,2,6
1,1,1,1,2,1,3,1,1,4,2,2,"720,00",2,"360,00",1,1,5,"9,74",2,2,6
2,1,3,1,2,2,1,4,3,4,2,2,"1.121,00",2,"560,50",2,1,5,"9,60",2,2,2
2,1,3,1,1,1,1,1,3,4,2,2,"954,00",4,"238,50",2,1,5,"9,83",4,2,3
2,1,3,1,2,1,1,1,3,4,2,2,"1.080,00",2,"540,00",2,1,5,"9,62",2,2,2
2,1,3,1,1,1,1,2,3,4,2,2,"1.158,00",4,"289,50",1,1,5,"9,79",4,2,5
2,1,3,1,1,1,1,4,3,4,2,2,"1.033,00",3,"344,33",2,1,5,"9,76",2,2,4
2,1,3,1,1,2,1,1,2,4,2,2,"1.886,00",5,"377,20",1,2,5,"9,73",4,2,4
1,1,3,1,1,1,1,1,3,4,2,2,"560,00",3,"186,67",2,1,5,"9,87",6,2,4
1,1,1,1,1,1,1,2,3,4,2,2,"1.682,00",2,"841,00",2,1,5,"9,40",4,1,1
2,1,3,1,1,1,2,2,1,4,2,2,"954,00",3,"318,00",1,1,5,"9,77",6,2,4
2,1,1,1,4,2,2,4,3,4,2,2,"1.641,00",4,"410,25",1,1,5,"9,71",2,2,3
1,1,3,1,4,1,1,2,3,4,2,2,"1.154,00",3,"384,67",2,2,5,"9,73",5,2,3
1,1,3,1,1,1,1,2,3,4,2,2,"900,00",3,"300,00",1,1,5,"9,79",4,2,4
1,1,1,1,1,1,1,3,3,2,2,2,"926,00",4,"231,50",1,1,5,"9,84",4,2,5
2,1,3,1,0,2,1,1,3,4,2,2,"1.500,00",2,"750,00",2,1,5,"9,47",4,2,3
2,1,1,1,1,1,1,4,3,4,2,2,"1.700,00",3,"566,67",2,1,5,"9,60",2,2,3
2,1,1,1,1,1,1,1,1,4,2,2,"1.530,00",4,"382,50",2,1,5,"9,73",5,2,2
1,1,1,1,2,1,1,1,1,4,2,2,"2.600,00",3,"866,67",2,1,5,"9,38",4,2,3
1,1,3,1,4,1,1,4,3,2,2,2,"954,00",2,"477,00",2,1,5,"9,66",4,2,3
1,1,3,1,1,2,2,1,3,4,2,2,"1.337,00",5,"267,40",2,1,5,"9,81",2,2,4
2,1,3,1,1,1,1,4,3,4,2,2,"1.196,00",5,"239,20",2,1,5,"9,83",4,2,2
2,1,1,1,1,1,1,1,3,4,2,2,"1.341,00",4,"335,25",1,1,5,"9,76",5,2,3
1,1,1,1,3,2,1,1,3,4,2,2,"1.071,00",3,"357,00",1,1,5,"9,75",5,2,5
1,1,3,1,1,1,1,1,3,4,2,2,"1.679,00",4,"419,75",1,1,5,"9,70",4,2,4
1,1,1,1,1,1,1,1,3,4,2,2,"2.637,00",3,"879,00",2,1,5,"9,37",4,1,1
1,1,1,1,5,1,1,4,3,1,2,2,"1.800,00",2,"900,00",2,1,5,"9,36",2,2,4
1,1,3,1,1,1,1,2,1,4,2,2,"1.098,00",4,"274,50",2,1,5,"9,80",5,2,2
1,1,3,1,1,1,1,2,3,4,2,2,"1.072,00",4,"268,00",2,1,5,"9,81",4,2,3
1,1,3,1,4,1,1,2,3,2,2,2,"4.808,00",6,"801,33",2,1,1,"9,43",4,2,2
2,1,3,1,4,2,1,1,3,4,2,2,"970,00",4,"242,50",2,1,5,"9,83",5,2,5
2,1,3,1,1,1,1,4,3,4,2,2,"999,00",2,"499,50",1,1,5,"9,64",4,2,3
2,1,3,1,1,1,1,2,3,4,2,2,"2.051,00",4,"512,75",1,1,5,"9,64",4,2,3
2,1,3,1,1,2,1,4,3,4,2,2,"3.250,00",4,"812,50",1,2,5,"9,42",4,2,4
2,1,3,1,1,1,1,1,3,4,2,2,"3.359,50",5,"671,90",1,1,5,"9,52",4,2,3
2,1,3,1,5,2,2,1,3,4,2,2,"901,00",8,"112,63",1,1,5,"9,92",0,2,6
1,1,3,1,1,1,1,4,3,4,2,2,"1.304,00",4,"326,00",2,1,5,"9,77",5,2,4
2,1,3,1,1,1,1,1,3,4,2,2,"1.803,00",5,"360,60",1,2,5,"9,74",4,2,3
2,1,3,1,1,1,1,1,1,4,2,2,"2.014,00",5,"402,80",1,1,5,"9,71",4,2,2
2,1,3,1,1,2,1,1,3,2,2,2,"1.039,00",3,"346,33",1,1,5,"9,75",5,2,4
2,1,1,1,1,1,1,1,3,4,2,2,"2.624,00",5,"524,80",2,1,5,"9,63",4,2,3
2,1,3,1,1,1,1,1,3,4,2,2,"5.386,00",4,"1.346,50",2,1,5,"9,04",4,2,2
1,1,3,1,4,2,2,1,3,4,2,1,"1.200,00",3,"400,00",2,1,5,"9,72",5,2,4
1,1,3,1,1,1,1,1,3,1,2,2,"700,00",3,"233,33",1,1,5,"9,83",4,2,3
2,1,3,1,1,1,1,1,3,4,2,2,"3.068,00",4,"767,00",2,1,5,"9,45",5,2,2
1,1,3,1,1,1,1,1,3,4,2,2,"2.410,00",4,"602,50",2,1,5,"9,57",4,1,1
2,1,1,1,1,1,1,2,3,4,2,2,"1.154,00",5,"230,80",2,2,5,"9,84",5,2,3
2,1,3,1,2,1,1,1,3,4,2,2,"400,00",2,"200,00",2,1,5,"9,86",2,2,5
2,1,1,1,1,1,1,2,3,4,2,2,"1.138,00",3,"379,33",2,1,5,"9,73",5,2,2
1,1,3,1,1,1,1,1,3,4,2,2,"954,00",3,"318,00",2,1,5,"9,77",6,2,2
1,1,1,1,1,1,1,2,3,4,2,2,"1.257,00",2,"628,50",2,1,5,"9,55",4,2,2
1,1,3,1,1,2,2,1,1,4,2,2,"1.065,00",4,"266,25",1,2,5,"9,81",5,2,6
1,1,1,1,4,2,2,2,3,4,2,1,"1.422,00",2,"711,00",2,1,5,"9,49",4,2,4
1,1,3,1,1,1,1,1,3,4,2,2,"3.000,00",4,"750,00",1,1,5,"9,47",4,2,2
1,1,3,1,1,1,1,1,3,4,2,2,"1.908,00",3,"636,00",2,1,5,"9,55",4,2,2
1,1,3,1,1,2,1,4,3,4,2,2,"1.085,00",4,"271,25",1,1,5,"9,81",6,2,4
1,1,3,1,4,1,1,1,3,4,2,2,"2.000,00",5,"400,00",2,1,5,"9,72",4,2,6
1,1,1,1,1,1,1,1,3,4,2,2,"1.602,00",3,"534,00",1,1,5,"9,62",6,2,2
2,1,3,1,1,1,2,1,3,4,2,2,"600,00",3,"200,00",2,1,5,"9,86",5,2,3
2,1,3,1,1,1,1,1,1,4,2,2,"528,00",3,"176,00",2,1,5,"9,87",5,2,5
2,1,3,1,1,1,1,1,3,2,2,2,"3.108,00",5,"621,60",2,1,5,"9,56",5,1,1
2,1,1,1,5,2,1,2,3,4,2,2,"2.357,00",3,"785,67",2,1,5,"9,44",6,2,3
2,1,1,1,1,1,1,2,3,4,2,2,"954,00",3,"318,00",1,1,5,"9,77",5,2,4
2,1,3,1,1,1,3,1,3,4,2,2,"1.943,00",4,"485,75",2,1,5,"9,65",3,2,2
2,1,3,1,1,1,1,4,3,4,2,2,"1.015,00",4,"253,75",2,1,5,"9,82",4,2,4
1,1,3,1,4,2,1,0,3,4,2,2,"5.371,00",4,"1.342,75",2,1,5,"9,04",2,2,2
1,1,3,1,1,1,1,1,3,4,2,2,"1.939,00",4,"484,75",1,1,5,"9,66",5,2,5
2,1,3,1,4,1,1,1,3,4,2,2,"1.908,00",5,"381,60",2,1,5,"9,73",5,2,3
1,1,3,1,1,2,1,4,3,4,2,2,"2.234,00",4,"558,50",2,1,5,"9,60",4,2,2
1,1,1,1,1,1,1,1,3,4,2,2,"84,16",4,"21,04",1,1,5,"9,99",2,2,4
1,1,1,1,1,1,1,1,3,4,2,2,"6.065,00",5,"1.213,00",2,2,5,"9,14",4,1,2
2,1,3,1,1,2,1,1,1,1,2,2,"5.019,00",4,"1.254,75",1,1,5,"9,11",2,2,4
2,1,3,1,1,1,1,1,3,4,2,2,"2.543,00",5,"508,60",2,1,5,"9,64",4,2,4
2,1,3,1,1,1,1,1,3,4,2,2,"1.929,00",4,"482,25",2,1,5,"9,66",5,1,2
2,1,3,1,1,1,1,1,3,4,2,2,"4.026,00",4,"1.006,50",2,1,5,"9,28",5,1,1
2,1,3,1,3,1,1,4,3,4,2,2,"446,00",1,"446,00",2,1,5,"9,68",2,2,3
1,1,3,1,3,1,1,2,3,4,2,2,"582,00",1,"582,00",2,1,5,"9,59",2,2,5
1,1,3,1,1,1,1,1,3,4,2,2,"1.122,00",5,"224,40",2,1,5,"9,84",4,2,3
2,1,3,1,1,1,1,2,3,4,2,2,"1.300,00",4,"325,00",1,1,5,"9,77",4,2,3
2,1,3,1,1,1,1,2,3,4,2,2,"658,00",3,"219,33",2,1,5,"9,84",5,2,5
1,1,3,1,1,1,0,2,3,4,2,2,"600,00",3,"200,00",2,1,5,"9,86",5,2,4
1,1,3,1,1,1,1,3,1,4,2,2,"1.500,00",3,"500,00",1,2,5,"9,64",5,2,3
1,1,3,1,1,2,1,4,3,4,2,2,"3.584,00",4,"896,00",2,2,5,"9,36",1,2,2
1,1,3,1,1,1,1,1,3,4,2,2,"1.450,00",2,"725,00",2,1,5,"9,48",4,2,2
1,1,3,1,1,1,1,1,3,4,2,2,"1.051,00",4,"262,75",1,1,0,"9,81",4,2,5
1,1,1,1,1,1,1,1,3,4,2,2,"1.000,00",4,"250,00",2,1,5,"9,82",4,2,3
1,1,3,1,5,2,2,1,3,4,2,2,"4.172,00",4,"1.043,00",2,1,0,"9,26",0,2,4
2,1,3,1,5,2,1,1,1,4,2,2,"2.100,00",3,"700,00",2,1,0,"9,50",0,2,4
1,1,3,1,1,1,1,1,3,4,2,2,"971,00",4,"242,75",2,1,5,"9,83",4,2,4
2,1,3,1,1,1,1,1,3,4,2,2,"1.529,00",3,"509,67",2,1,5,"9,64",4,2,2
2,1,3,1,1,1,1,1,3,1,2,2,"5.688,00",4,"1.422,00",2,1,5,"8,99",1,1,1
1,1,3,1,1,1,1,1,3,4,2,2,"1.000,00",2,"500,00",1,1,5,"9,64",5,2,5
1,1,3,1,1,1,1,1,1,2,2,2,"1.843,00",4,"460,75",2,1,5,"9,67",5,2,4
1,1,3,1,4,2,3,1,3,4,2,2,"1.550,00",3,"516,67",1,1,5,"9,63",5,2,5
1,1,1,1,1,1,1,1,3,4,2,2,"1.643,00",8,"205,38",2,1,5,"9,85",5,2,5
2,1,3,1,1,1,1,1,3,4,2,2,"1.827,00",6,"304,50",2,1,5,"9,78",2,2,3
2,1,3,1,3,1,1,1,3,4,2,2,"600,00",1,"600,00",2,1,1,"9,57",2,2,4
2,1,3,1,1,1,1,1,3,4,2,2,"1.749,00",4,"437,25",2,1,5,"9,69",4,2,3
2,1,3,1,1,1,3,1,3,3,2,2,"1.050,00",2,"525,00",2,1,5,"9,63",5,2,4
2,1,3,1,1,1,1,4,3,4,2,2,"1.009,00",3,"336,33",2,1,5,"9,76",4,2,3
2,1,3,1,1,1,1,1,3,4,2,2,"2.000,00",4,"500,00",2,1,5,"9,64",4,1,2
2,1,3,1,1,1,1,1,3,4,2,2,"950,00",3,"316,67",2,1,5,"9,77",1,2,2
2,1,3,1,1,1,1,2,3,4,2,2,"500,00",2,"250,00",2,1,5,"9,82",4,2,5
2,1,1,1,1,1,1,3,3,1,2,2,"1.035,00",4,"258,75",1,1,5,"9,82",4,2,3
2,1,3,1,1,1,1,2,3,4,2,2,"1.381,00",3,"460,33",2,1,5,"9,67",5,2,2
2,1,3,1,1,1,1,4,3,4,2,2,"954,00",3,"318,00",2,2,5,"9,77",5,2,3
1,1,1,1,1,1,1,1,3,1,2,2,"1.064,00",3,"354,67",2,1,5,"9,75",5,2,3
2,1,3,1,1,1,1,1,3,4,2,2,"1.269,00",3,"423,00",2,1,5,"9,70",2,2,3
1,1,1,1,1,1,1,1,3,4,2,2,"954,00",4,"238,50",1,1,5,"9,83",5,2,4
2,1,3,1,1,1,2,2,3,4,2,2,"970,00",3,"323,33",2,1,5,"9,77",5,2,3
2,1,3,1,1,1,3,1,3,4,2,2,"1.479,00",4,"369,75",1,1,5,"9,74",5,2,3
2,1,3,1,1,1,1,1,1,4,2,2,"6.519,00",5,"1.303,80",2,1,5,"9,07",1,2,2
2,1,3,1,1,1,1,1,3,4,2,2,"1.004,00",2,"502,00",1,1,5,"9,64",4,2,3
2,1,3,1,2,1,1,1,3,4,2,2,"600,00",3,"200,00",1,1,5,"9,86",2,2,3
2,1,3,1,1,1,1,1,1,4,2,2,"1.100,00",2,"550,00",1,1,5,"9,61",4,2,4
1,1,3,1,1,1,0,1,3,4,2,2,"1.350,00",3,"450,00",2,1,5,"9,68",4,2,2
2,1,3,1,1,1,1,1,3,4,2,2,"5.649,00",4,"1.412,25",2,1,5,"9,00",2,2,1
2,1,3,1,1,2,1,4,3,4,2,2,"1.239,00",3,"413,00",2,1,5,"9,71",2,1,2
2,1,1,1,1,1,1,2,3,4,2,2,"4.542,00",4,"1.135,50",2,2,5,"9,19",4,1,2
1,1,1,1,1,1,1,1,3,4,2,2,"3.389,00",5,"677,80",1,1,5,"9,52",4,2,2
1,1,3,1,4,1,1,4,3,4,2,2,"900,00",3,"300,00",2,1,0,"9,79",0,2,4
2,1,1,1,1,2,1,4,3,4,2,2,"2.240,00",4,"560,00",2,1,5,"9,60",4,2,2
2,1,3,1,0,1,3,1,3,4,2,2,"954,00",2,"477,00",1,2,0,"9,66",5,2,4
2,1,3,1,1,1,1,4,3,4,2,2,"3.208,00",5,"641,60",1,2,5,"9,54",4,2,4
2,1,3,1,1,1,1,1,3,4,2,2,"350,00",3,"116,67",1,1,5,"9,92",4,2,4
1,1,1,1,1,1,1,1,3,4,2,2,"970,00",2,"485,00",2,1,5,"9,65",4,2,2
1,1,3,1,1,1,1,1,3,4,2,2,"5.588,00",4,"1.397,00",2,2,5,"9,01",2,2,2
2,1,3,1,1,1,1,1,3,4,2,2,"1.100,00",2,"550,00",2,1,5,"9,61",4,2,2
1,1,1,1,1,1,1,2,3,4,2,2,"954,00",3,"318,00",1,1,5,"9,77",4,1,2
2,1,1,1,1,1,1,4,3,1,2,2,"8.269,00",4,"2.067,25",2,2,5,"8,53",2,1,1
2,1,3,1,1,1,1,1,3,1,2,2,"1.200,00",2,"600,00",2,1,5,"9,57",4,1,1
2,1,1,1,1,1,1,2,1,4,2,2,"1.000,00",3,"333,33",2,1,5,"9,76",4,2,1